,mod1,mod2,mod3
0,-1.7346513771335959,-0.4826771879913545,0.7142541727161827
1,-0.15344107376700333,-2.0358286793422713,-0.3040441536242151
2,-0.4788168252863177,0.18947729889119125,-0.05934974325599607
3,1.3673525750585673,2.932191310103498,0.08121526075755067
4,0.5909374578741846,0.752021928431972,-0.00961865979949672
5,1.7611535796285045,-0.884501311115196,1.060894967240394
6,0.3693674486164023,-2.4826605184598174,-0.25943550214638045
7,-1.8126686531113678,-1.898007401687806,-0.9501352162794834
8,-0.4385151141733007,2.012171449212187,1.87050041618844
9,-2.892662969537353,2.7026255688904026,-2.735767151410765
10,-2.256513035722001,-0.9243912948972346,0.29990485673625633
11,-2.366484226321702,-4.19904642238617,-1.1964094561169993
12,-0.9633510015676877,-0.43482920420806315,1.6660850056098329
13,-0.22227214385614316,1.4679475844058874,0.6394483714080351
14,1.7322893855493982,0.2822003328725251,1.0549659693765496
15,-0.23021196174796665,-0.4714811888741324,0.13901096205188795
16,1.465009062171118,0.7115358672502194,-0.07675341226035781
17,-0.018992893557092883,0.5255901063876911,1.4453964795251883
18,0.7363633650820703,-1.5710408100889564,-2.510141875892127
19,-0.14810725051808868,-2.4327179310940124,1.4060701562307274
20,1.341524862556883,0.6192389827986732,-3.8013018312613216
21,-0.661051376161826,-0.33475129793809244,0.8611124504607071
22,-0.731536953066895,0.7784152570681436,-1.6972540535939824
23,-0.8601123327678875,1.1104773588832377,-0.7347410901291078
24,-2.2797926050075277,-0.1941646744640301,0.2134949167303015
25,-1.4008428873659349,-0.7642169996336006,-0.04829848766789746
26,-1.623001684717293,1.2658389753465071,1.3436995236033866
27,1.8708751315144068,-1.4770045245124586,0.24813464218725062
28,-1.4489908035463959,-1.9022414910393515,-0.11753146006979581
29,0.913847188135222,0.622010025431252,-1.7754805229267732
30,-0.4696640079886998,1.6245309548942364,0.16030647250950328
31,1.4334772615621336,0.9122609301227751,-1.4802000859764666
32,-1.3243286283926126,-1.8346783602121723,1.6530783007261316
33,0.8365803352045613,-0.1027896173598073,-1.9908289706029005
34,-2.846875206334948,-0.32514891390710043,0.17831613578546535
35,1.9383816821451019,-1.4186055374916302,-1.3312585575615117
36,-2.143584443086002,0.570573033254784,0.11291618191369565
37,0.8674869501439209,0.508788294080436,1.1989556087468307
38,-1.8934480471324218,-0.5802797769069733,-0.6415912320337381
39,-0.03778369511401003,-1.3068968852642109,1.2816362664183045
40,0.05746174659155634,1.6458043244774134,-1.3311645924573865
41,2.04526107302961,0.42004045291534475,0.40970011955110874
42,0.947053156670768,-3.110316630732167,-0.5809513062249422
43,1.2420871130708542,-1.8199551541923422,1.991876910228861
44,0.029616422439143128,1.603131976795605,-0.0568427469190087
45,-0.30994238887463654,2.5282127486107115,0.45075744795166817
46,0.3976685371470047,0.6037021464457238,0.5318549226091827
47,-0.3597648192805538,-2.234847408975976,-0.8776852457115438
48,-1.3360784309574596,-0.20061089774779683,-0.15279597201817163
49,0.26789791004954844,-0.032329909339400276,-0.6188562880220045
50,-1.119764179252026,0.3196060812754189,-0.3442220800601314
51,-0.8498078690342477,-0.02965862923044378,1.1769148414881705
52,-2.7847544195418967,0.8329104750686372,-0.10117649001080309
53,0.668380972184305,0.36338897567837564,0.9110471545504588
54,-0.24224665605826745,-0.6487184039129789,0.4818377840208499
55,1.0477190411199704,0.9266009069258158,-2.1345457427665324
56,-0.7679102486313785,3.022883137747246,1.9016832330164661
57,0.4682185411215371,0.0011794386979841476,-0.5651828195490307
58,-0.06859463047978076,-2.6283944408087763,1.0714860711170655
59,0.09869221256162941,-0.6863142803102119,0.7277782293390036
60,-0.2255795707864566,1.1563522715553551,-0.8646695217410068
61,-0.46022571104497584,0.3908340760112815,-0.8779764419952587
62,-1.462494822527073,0.272053618264849,-0.7979166587619109
63,0.6348501357442307,-0.6591454683472913,0.5425752382876049
64,1.1574830284376638,-1.0557400041530602,-0.5283504786435154
65,-0.3636289710530176,-1.5219994216784392,1.1650109539335665
66,0.42017735695071184,0.5068183220684097,0.2174659701007401
67,-0.5688747537201617,1.010667308952336,1.6719784731614726
68,2.0419295793293037,1.7217061590269482,0.7684981023914692
69,0.05639626712945392,-0.6826499610365645,2.0259845029279715
70,0.3115298889999607,-0.8497649783742983,-1.1174864156181792
71,-0.5316247790926723,0.17927319295251112,0.8636532590934393
72,-0.030026713143703868,-0.3428513827300085,-1.4402800293327753
73,1.059488776617924,0.4113178339612373,0.5849732433155256
74,1.2952179444434928,-0.09235909017504418,-0.5106513269636137
75,0.5894369377530476,-0.4833127080327342,0.2982330385786404
76,0.48131133073363547,-0.6073875866908676,-0.21806283657489514
77,-1.1309264904302982,-0.6605804305065163,-0.025154258807283655
78,0.20027148255377103,-1.3596151042325189,1.175294120816331
79,0.11595930558008194,-1.0868807181896558,-1.0945778182254164
80,-0.10425454489828612,0.6960005889622465,3.3315257807971608
81,-0.2302956384903983,2.279092523897843,-1.034701687735628
82,-0.8934060239485062,2.7640762398721166,1.6202477901953574
83,-1.3616370999807357,-0.9756428086965233,-1.2634686114026024
84,0.46143414363297297,-1.6872057415760418,-0.5663745260351907
85,0.249082336240686,-0.2665741656334409,-0.33550093384758856
86,-0.3574547052052863,0.5707865056745365,-0.21544479982849613
87,0.609489374149426,0.37937354749028707,-0.5055096454379145
88,-0.7939089966501871,0.0997978450441222,0.07860299013023012
89,0.2923543944116018,-0.5362096318716448,1.508965890805896
90,-2.145985638969469,-0.9274242731545588,-2.355098135790481
91,1.8667448115295666,1.378941838869565,0.8538891908697388
92,0.8861240176001296,1.5460573832547695,-2.4708277945054458
93,2.905872084693268,0.5103689069754975,-1.2273655570954753
94,-0.05017210560092927,-1.3262401986507557,0.4454918766405231
95,2.4390684467645003,-1.9136977575578609,-1.9724218698656744
96,-0.8764739834923232,0.3516051577146186,3.359244564154282
97,0.3763306386590782,1.0039274648141907,-0.7671150512554227
98,-1.9543789669076852,-0.2704414185164832,1.188538087983434
99,-0.1509414785034272,-2.125464576203885,-0.8810459322584234
100,-2.199484594453734,0.7550693153684771,0.851092523563922
101,0.6071357717718997,2.9543136056172177,-1.6999193146563123
102,-1.7333793761659608,0.7250393135913153,0.6765377277265485
103,0.3709303748478605,-0.24343229019013557,-0.48771563766441567
104,-2.094508289093781,-1.0719939287778788,-1.1588475357662023
105,-1.3084577928188037,-0.7351082851182522,0.9300538605165669
106,-0.6100619685345489,0.12000672123065281,-0.5934365469103202
107,0.7337224546666625,0.850212644966911,0.617546287294507
108,0.1259550985647721,-0.4884071907862379,0.04915825898711843
109,0.9349737004788359,-0.703675070285188,-1.4228258431609075
110,0.8035207766871431,0.7092790166358072,-0.7076989971405139
111,-0.7519945960386799,-0.9981162887994126,-0.702799675628466
112,1.8920086156653757,-0.9476304388188348,-0.8259973537599972
113,0.4335242479398081,-0.3281626409779977,-0.7291173944864515
114,0.9657663548939968,-0.09959553654208564,1.1775942964349735
115,-1.2810315725348678,0.18627478693376323,0.5298065583281817
116,-1.0971659235344178,-1.0533608317326513,1.458089381621074
117,-0.685082319121617,-0.8608494864730525,-0.3031498463791197
118,0.49146699810034167,-1.8158993024269554,1.3147606664464873
119,0.8981404473679151,0.6114994683633931,-1.0784730657780983
120,-0.07614778528679567,0.41853676084362257,0.7166073882940487
121,-0.398166108246472,-2.2526643008710865,0.6744086985238484
122,-1.788855974203967,-0.47871627338772105,-0.47633570744676124
123,-1.2604854268295222,1.220547000481143,0.5929956922084265
124,-0.5155902509830521,1.9231909236678817,-0.6914248509794105
125,1.6843928403354465,-0.08577871055722888,-0.11265991568212838
126,-0.8734175029807134,-1.4823737556561152,1.3522009826293246
127,-0.5134482187553522,-1.8360482922487078,0.09882588087568422
128,-0.9696087409557301,0.8315262952975627,1.3749955362171382
129,-1.9558165004369201,1.0121906351972032,0.24335721397608934
130,-0.8383538697820658,-0.19000147859502797,0.18864529271724853
131,1.1193231564651862,-2.6623735334795815,0.3040598201741629
132,0.3552947691095475,-1.3756356639249199,1.436734621363401
133,0.4902116165162116,2.628192380988162,1.9869706263254252
134,0.7518849416744414,2.4060222060401175,0.03471967539771684
135,3.4101419336690184,0.08679040168450314,-0.15326440372013217
136,0.9598236454573511,-1.5649448421152239,-1.5366014644307142
137,0.9351538382518296,1.2085681248898954,-1.8530598788652495
138,-0.14771809757067034,0.530338517175695,-0.6341265447079794
139,0.9921840033885889,-0.06148089046432781,0.2576132114072216
140,1.0329484697792124,-0.9144007238492964,0.2370609148042708
141,1.9878980020346875,0.6385039175624351,2.712274307205501
142,-0.30600343532580654,1.669232213111877,-1.562348029580347
143,0.4033605684311757,-0.5152870299418989,2.5135230801510815
144,-1.0642539709093586,-1.226399865999112,0.13969169411056304
145,-1.0912988706775006,0.6617382744222782,0.7789739839510021
146,-1.2469128684072048,1.7443655027375788,1.7229736780316127
147,0.4053175565935516,2.301744439249048,-0.5153392916389783
148,-0.9753742918626416,-0.7897484888680864,0.9407578954506111
149,0.17038421875380105,-3.343989206550802,-0.42264685538522945
150,-0.8034878524749873,0.9445949878487454,1.8674881228031228
151,0.3236997104225982,2.8123327911935903,-1.7390544879725338
152,-2.701698598604901,-0.5816905706794653,0.852509871418265
153,-1.2691719114735427,-2.2493138510165656,-2.5224769553091733
154,0.21607844537186138,-0.17574464942734497,1.783131661597511
155,0.5889997953862782,1.0064767174621596,-0.29667635578671925
156,1.1569096650120527,1.1032072668285626,1.211478951635582
157,1.0032658181314515,1.1501446506690824,0.9653298309388634
158,0.9850740454224829,-0.814899497841804,1.3039131817423235
159,2.2701267937382372,-2.6067510365686877,-1.6686260231563672
160,0.17935086684822132,-1.8689517795154567,1.9621769237278857
161,-1.0713057199887566,1.719151577120425,0.023697226058781107
162,-0.3784796573038296,1.847167834787954,0.7916677218029854
163,0.4551811321953476,-1.6321067731691998,0.4070984068900085
164,-0.07663098884604669,-1.9206920306291995,1.557729141515571
165,2.133075156305599,0.08646154011931634,-1.8926163776201919
166,-0.3778996182082981,0.7249297210706012,1.8654242112369666
167,0.6003299819529906,3.4409781381777216,-0.30854184218199165
168,-1.5098514953087654,0.5611555463491079,1.363684035630087
169,-0.521031631494222,-2.286010826789748,-1.367311061132571
170,-1.7206643577512086,-1.3669787362076975,2.2788540080308914
171,-1.099544358330623,2.990173282761105,-3.1407406528549435
172,-1.490533743971509,1.9521871329394402,2.596719354660557
173,1.4575301329384818,-2.454566943788988,-1.8655144749450487
174,0.24744357212022366,-1.700995080998612,0.24253251492270655
175,1.661647975249951,2.4665984153459966,1.2655621374506292
176,1.0592986961331958,1.3099918429715187,-0.46321826857487813
177,2.754444660225329,-0.9715546029817442,1.8892156880597948
178,0.4836025087790776,-1.3570395399581265,-1.165537142219942
179,1.8094462190998624,-0.5154569127714685,0.8493040366451328
180,-1.4090637624316638,-0.37258912073139916,-0.28183935175907554
181,-0.4928926710828152,-0.3378857212781307,0.15562115271059784
182,0.2503622088302244,1.3655609240163125,2.7243520478777614
183,-0.6600656827402711,0.519083016146233,-0.4129285053719174
184,-1.8104536866513101,-0.27222118960698527,0.6847786433445638
185,-1.1199043329050111,1.131229556842948,-0.4748011459919832
186,0.25292556765612706,1.1681445578240592,-0.13169348307202877
187,0.5413652983135568,-0.4874581696033025,0.8570250646625397
188,0.6103904567510015,-2.301231281792162,0.025348179750616213
189,0.23696567004644797,-0.46768371780679396,1.9208571005523758
190,-0.40396669137027563,2.9840476524417414,-0.46576949529538414
191,-0.5901798727557568,2.129049348381164,-0.47395337082286737
192,-0.3955410668563954,0.9258390452108438,0.3977620495755374
193,0.39204978573230237,-3.0034662498656153,-0.03674233629307111
194,1.2694226364143657,-1.1665545438279532,0.004878263595720134
195,0.5972024203855756,1.4958000622883654,0.006501409506963429
196,0.7535956351087143,-0.4743440452843324,-1.5418132519976957
197,1.3428413745577361,-0.5574271274554483,-0.22322259293307206
198,2.045501518257825,0.3723057462520176,-0.6264924965692236
199,2.6912697733155126,0.49481133301145847,0.08750084852615098
200,0.999113388584327,0.5896062358700683,1.924903000077746
201,-0.9043378252277018,0.4586979166413411,-2.734794468057639
202,-0.8627948150858703,-0.6732525624142431,1.576957235667287
203,1.0097615916919633,-1.6672127778058328,-2.030809249849707
204,-0.6058091251339526,0.5737019336385178,1.1848430823214526
205,-0.37049913683999924,1.0042285047474273,-0.5843296539570186
206,-1.6437573300720312,0.7179046622114906,-0.5894046037809773
207,-0.7164603377327661,-1.7505630372601484,1.5569420510186138
208,-0.11930987268072635,-0.47032624096590747,-1.8787781148857252
209,-1.0164392415086196,0.7314791290213603,0.5062877414318498
210,0.16377253077632253,-0.4227550234274058,-0.4252614010571896
211,-0.4922936662423735,-0.9556757602781224,-1.455076054478441
212,-1.2931927756845392,0.16131269189133848,1.4666990997201337
213,-1.8506217253239572,1.0406673001198623,-0.2804039754308517
214,0.8250722105964826,-0.07440218736137494,-1.5730246404554613
215,-0.6854016369695788,-2.2411844494467013,1.8814936142131573
216,-0.5985426777382656,-1.0755957255143282,-0.34005904250919916
217,0.6439848917935971,1.733778832302696,-0.6206998899712501
218,-0.2692478714691245,-0.760014656748565,0.3791946109862374
219,1.2342117773962467,-2.009168877274087,-1.3022030621495708
220,-1.24506480789644,0.7811965162298317,-0.5745225196029982
221,0.7495290518862285,3.066855496313866,-0.4796849440773229
222,-0.3899657826662408,2.0821866109761213,0.08194815728703336
223,1.3658495097038341,-1.0053218477063222,0.6767563053642353
224,0.1653401277814096,-2.6199029272446097,-1.0706877907873602
225,0.06541417850589848,-0.448525807221711,0.7599350044371301
226,-0.29345627727275014,1.811073531526362,-0.5714647008447333
227,-0.47809097508190357,0.004699479042187371,0.0764393251044421
228,-0.3614437119939561,-0.7552366345318275,1.654114955420937
229,-0.31304682396091993,0.5890391027835662,-0.13575657964041005
230,-0.5559866424173552,2.399367411668106,-0.41626881206040856
231,-0.20363110078720217,0.7655903691039052,1.0419450828780126
232,1.1374113802514794,-2.4357102215647064,0.10516436362851422
233,0.8277851542063932,-1.374815410987389,0.3498016067234514
234,2.9874548833930508,1.0744772575009969,-1.4107459287202126
235,0.07202923938799355,2.4049752853427684,-1.069960137322715
236,0.26324442787329727,1.301289852896447,0.9284915441931627
237,0.2684972734346047,-1.6946214185646604,-1.6352310481058008
238,-0.8215680303876554,0.2245263202931853,-1.5982084095547333
239,0.7996678687066546,1.4786549288351416,0.43406533406890546
240,-0.436325997758146,1.7750376143256408,-0.815913479211583
241,0.5317610403271564,0.6021140690021727,1.1356335600443705
242,0.5778651339979626,-2.280172331676244,-1.4562798061866815
243,-1.071264515717921,-0.8153450386810033,0.4985571655016082
244,-0.04024505946652124,0.28789610303585267,-1.411796981801376
245,-2.38787317811182,1.0396746625739886,0.7618978801185365
246,-1.1268140699160563,0.12356198648944099,0.09163196258882364
247,-3.1143512903715767,-1.194180686604862,-0.16211828241280163
248,0.08107540379956302,0.528752485183067,0.8531306502995741
249,-0.020059655949088206,0.8802476237514414,-1.8886599313613512
250,1.742209292870521,0.949053323286144,0.528247725084698
251,-0.4567485612393012,-1.191382434279908,-1.4000880774849955
252,1.3218766806334905,-0.9417621619210272,0.4942118903306702
253,1.6172334184012969,0.436865595776315,0.6010548857017477
254,0.6844640576381198,1.489289948339739,-1.1311608302168406
255,-1.4648555987604581,-0.7776472064328607,-0.9140151912508707
256,-0.43634221386734995,0.14315495485832797,0.160734270232069
257,0.19353078489207187,1.3045695476600714,-2.381082073816494
258,0.7688429370117962,0.8814442746146479,0.5527349540798083
259,0.9899448544484,-0.40330233011970323,-0.9175215553269406
260,-1.0082769857411347,-0.1558799604280232,-1.170887622315699
261,0.4372591121682626,-0.3796243523057311,0.5035375272548702
262,-1.2430747923851044,-0.786887476858446,-2.3123085029676673
263,-1.332995364450065,0.6498913344719948,-0.030651613949589263
264,-2.786214610626223,-0.006267886223476182,-1.3827430981362807
265,-2.290582724774233,-2.9366672137607357,1.066374516610628
266,-1.366713107046932,0.9611523099759312,-0.38468398171532514
267,-0.37566495855703336,3.3984015675683703,0.7838170680329476
268,0.8635097754320658,0.5638405786701692,-2.256512296593679
269,1.4962448044243413,-3.1070093106006564,0.6742286414390327
270,0.44916892514596013,-0.750122063955817,-2.0412976204748388
271,-0.01943823456291266,-0.42441715159496907,1.6890811286515084
272,0.3728094321057748,1.4847687476939035,-1.308408966795637
273,0.8746475406617932,-0.3920556828075751,1.7274888417643632
274,0.4631752754454857,-1.5658841037876368,-1.2842205831734081
275,2.1064473854657653,0.9728649879058007,-0.2197477730514681
276,1.0238613984102787,0.8811806315105042,2.3891351967202374
277,0.43912814256244004,-1.5973620254217034,-2.035626438057645
278,-0.34735623619203093,-0.7826831912618561,4.530055292891892
279,0.05799721075495107,1.5530230154301574,-1.9909242295884102
280,1.1340244790738867,1.9845497220357005,2.6648691300048255
281,-0.4097959010727896,-1.100182736835513,-1.8180426904340028
282,1.0971175873169459,-0.3563138202984293,0.4783146240653207
283,0.798629669308783,1.1780731506214193,-0.6273620681784657
284,1.3029306643532543,-0.3592612649410214,-0.49417566910681043
285,1.3417379613304654,-1.4503055718058302,0.6818787041115125
286,0.3169861381104696,-2.222342485703967,-0.4117120010332168
287,-0.36290348630063857,1.486524402776138,0.0791028047521028
288,0.5620502416621915,2.7464288093328464,-1.8585946063755325
289,-0.2546381098905992,-1.4859427092189064,0.7478787606847213
290,0.46202966645327903,-3.522179974192625,-2.0297548731130997
291,-0.7084835455696916,-0.815635228418899,0.12474045812516832
292,1.4419629249051644,0.7948968303333803,0.5592679116512116
293,-2.0361471571112775,0.34905631460323333,-0.5184088846420262
294,0.45567160332155543,-0.6080817248711295,0.41057707517234154
295,0.6696037645829964,-1.0821453243745545,2.0662720969797075
296,1.9469152304016175,-0.6770664501227134,-1.3837475913977348
297,1.1340480196838352,0.7435830287174368,1.7823449590861085
298,0.6742567720503979,-0.14216080954537202,-1.291057725485538
299,0.8698731270250435,-0.5665184939907487,-0.5167210465992613
300,-0.8363384582301223,-1.3201589099252653,-0.8834979476040563
301,-1.37837745954186,2.343050913708869,0.17343369642915307
302,-0.75094890607956,-0.7872773207002468,1.0786814224033985
303,-0.8067847833503063,-1.2709690923293384,0.08853506671692005
304,0.33771521333849036,0.7414595089281812,0.19310275480134065
305,-0.6497297700911194,2.2643625507712017,-0.3702376421196059
306,0.5065871442292421,-0.9498263396900727,-0.6263922694288178
307,-1.0499222148783116,-1.512025807019413,0.4279971155836401
308,-1.9087759825170214,1.1482482812137267,-0.11324536230873569
309,-0.30200706313317915,2.6552059412995033,-0.9710352002998495
310,-0.28350197116105014,-0.9372539346233436,-1.1517104372321083
311,-1.0022250888153996,-4.08087592392298,1.0909947202900037
312,1.9356065350636849,-1.0249643404819007,-0.23699749803914805
313,0.1438964701590916,3.585570199068091,1.6668916371951301
314,0.48503627342793676,1.9576608339300166,-0.9235497929993145
315,0.06367528143664414,-2.0786511639933964,0.5112206825569129
316,0.7238485584664571,-0.4901525935238664,-1.6601176549916297
317,1.2663260944562638,1.5110959779339543,0.7318131741134155
318,1.11803545216091,1.1650278582528948,0.27354811399437273
319,0.4414868331350509,0.01505574508847174,-0.9157511441625773
320,0.05255130756514804,-0.9211977908902736,1.1360149451278185
321,1.3395928920416182,1.2473798812085346,-1.299503818033367
322,-1.634779940639052,1.7973224908463106,2.431387398088684
323,-0.011970841558678995,-1.8541705978169585,-0.38677399382953653
324,0.1727223867773069,-2.2386836792827287,0.9656514233539931
325,1.3506090625402973,-0.18799912022770404,-0.15482163224502568
326,-0.8031562702979911,1.7783448617387512,0.31971010613613565
327,0.40934178279572914,0.8037409318540244,1.0362349136443754
328,0.23071224485602992,-1.8765855487718066,-0.3176419937639197
329,0.1078953865291965,-0.8239333133915991,-0.5579791227325442
330,0.07493419313072573,1.5192378804195747,1.0885611899077934
331,-0.6445199607487943,-0.8620839010303483,-0.8531038634415773
332,-1.9299523814984607,-0.7701842715066047,0.5368303784827463
333,-1.4841981943388887,-0.8767301047126012,1.302654373436844
334,0.4774426108245148,0.04259284495407564,-2.8675265578446165
335,-0.35613895793244,1.3434141284465464,0.051082502026246646
336,0.24342042134160563,1.2221062336536244,-1.4207991874652877
337,0.0717079966765744,0.5528115520609576,-0.9354832891824401
338,1.2280269993404163,-1.3036170227836115,0.631925729024969
339,2.3202219939826083,-2.107773155116761,-1.6959389979194093
340,-0.5244282629850787,0.2787966733793516,1.1245013819684213
341,-0.2721484111746334,1.9365158415739623,0.17919945433267703
342,-1.4792647094205205,-0.9871281284196408,2.201758962134812
343,-0.8754407649863584,-3.767315599172986,0.39041881393127553
344,-0.37154262841583957,-0.6408529378571116,-0.25072294437695264
345,0.45346047834315373,2.406068702378478,-0.40376988047772333
346,-0.14134480358148943,0.2822843739783286,-1.585520813893487
347,-0.7849925567606741,-2.552885234040386,1.3268491036840717
348,-0.0782097469432037,-2.286911370562419,-0.12118824281165286
349,-0.9488765707182589,1.554029984197254,0.5296881902824424
350,-0.22394287908699467,1.7426517208726653,-0.2490204348127694
351,-1.2959659998549915,-2.8050901924142875,-0.2529463772402961
352,-0.19474886483251375,-2.799149725522312,-0.40887458478636757
353,-0.19430105318706187,1.0782140723703215,-1.1251747157960594
354,0.06247894009774818,0.6760018646440751,0.7549776183207493
355,1.83745685424707,0.5709965640256717,-1.2928778238173475
356,-0.7426958176107648,0.44709716411612827,-0.7853682426962143
357,-0.17010196491555568,-0.4344741632535234,-0.3711069998958927
358,-1.526971848213509,-0.5166271164281966,-2.1262181151318544
359,-0.7665059039216746,-0.05816394275318593,0.31685114583877383
360,0.9417131110274857,-1.4441001732116265,-0.604024274402098
361,0.5648386050450327,-1.3416259057267284,-0.17552604307472652
362,1.7475238868063547,0.3765748264154264,0.42168761428158985
363,0.6624833656300756,1.3310996640748205,0.815923403837717
364,0.4132874754328588,0.42340402503189206,-0.29745961389906284
365,-0.3786214346695624,-0.6894735927084423,0.7503996848113825
366,-1.3082927357270717,-2.638027557207982,0.38476789148194523
367,-2.551402643940337,0.9984269106861239,-1.0690633245044863
368,-1.0475580558232298,0.7902803461636256,0.40947528768388103
369,-2.5119464752002836,-0.26616526309105853,0.3798506155151785
370,0.041962088555950294,0.14102384141810365,-0.4445273713915798
371,-1.0264462854037202,1.0796425197800958,-1.8544998553372558
372,-0.20335408114660147,-0.8739225519223165,-0.5037409850555753
373,-0.8517769676350693,-0.8607377294266446,-0.1694769738247497
374,2.0105121135469366,1.0053448066678152,0.5942542538294331
375,0.9068415488174048,0.35488390357546484,-0.36423875524736526
376,1.3683054844150917,0.5888719894370713,-0.6463828925383117
377,0.3658874905829318,0.5031026003500791,-1.523858486520814
378,-0.014017443054599121,-0.04169565969726308,1.2790137679468216
379,-1.393540507661936,-1.5433924454754606,0.004715111673322281
380,-0.381089129409124,-0.7433219034868963,-0.05013273606080193
381,-1.4930400766648275,2.4580696890332074,-0.4388736354422569
382,1.4286263266853572,1.1411617941995655,-0.7944015667836821
383,0.3368164511584354,-0.7886200406907432,2.2495465158853483
384,1.803580731940186,0.15672950200759828,0.4029212515223696
385,1.9783238457045238,1.073123975825096,1.081119834561853
386,0.8277000888380321,0.5892557313958056,-0.9243688659538336
387,0.838245817085337,-0.9924592913809309,-1.1128656275847326
388,-0.0019168645533716167,-1.979842494541099,-0.8281920816782036
389,0.905971081518325,-0.2810888542391975,-1.5443554147685383
390,2.114177515081813,1.8922039536691364,-0.945225542102425
391,0.6465414937851157,0.2909377213050455,-0.555574584406896
392,0.5491090634667777,-0.852274448216944,-2.0653751391536876
393,-0.44582308884153643,0.18251499030756446,-0.6551918209151003
394,-0.3064064258015706,0.9013236556812212,-1.0743800948446245
395,0.2343319973810477,2.0132820827506306,-0.4596809892997826
396,0.28158635140021343,-0.5039338673291469,1.2299970633540303
397,-0.8704750095481032,-0.5443908219854958,0.5396071367601638
398,0.2710030518434486,-1.6901975317275946,0.4873597603640969
399,-0.4977694390989954,2.1787432162047295,-1.9194569215733182
400,-0.9212982933279523,1.863769465541502,-0.8044467662698356
401,-0.40102506174263713,0.08995613049560292,-0.9924620146522183
402,-1.6000276536767686,-2.873448536917344,-2.7064118767193306
403,1.0884084976695023,1.6371180217922248,0.014646269048725458
404,-0.6807665024993922,2.295977867412897,-2.7176358612327
405,0.38802773786938227,-0.6138777107818347,-0.6486317405325419
406,-0.43269253175188366,-1.0278811930634224,-0.4812034814844685
407,1.1909912627760881,0.08368374172365531,-1.3662671343627426
408,2.021329711162723,1.3010105658097948,1.5201293742990634
409,1.7349306877213793,0.4541095205148723,-0.3974047223330237
410,-0.25647476496719734,1.212400773460553,0.5503223615458085
411,-0.6725891996226665,0.3088765893015025,-1.058618670184855
412,-1.971741054748645,-1.6091556364729769,-1.2836939094296895
413,-0.7075987409833175,-1.2739122413436914,0.5032625638830153
414,-2.473082044009497,0.7310574874314851,-0.5192502732663925
415,-1.1232112079879506,2.3658851668559526,-0.7481282759441364
416,-0.6048834741395113,0.2844524783940375,0.2701358016885013
417,-0.5028304878259844,-2.673271091203839,-0.2308660042164128
418,-1.077001359589361,-1.497981122467582,0.0012793481420337038
419,-0.15997163156632133,1.3218455802487248,1.340077249234043
420,0.7089412580960487,0.9475187923288987,-0.9205083869307368
421,0.4828305126067728,-2.8912913501107473,1.3427649208800332
422,0.9341699652470566,-1.606318032252214,1.2510791590246253
423,-1.1012730527235266,1.7456214376027697,-0.8190411265785761
424,0.35222080411719786,0.6873941096385744,1.69160509512703
425,-1.3261792428094563,-1.195236944278728,-0.06370595138582735
426,0.6280089834366829,0.08796737180836967,-1.0080496002571029
427,0.6957952855404098,2.090600234733453,0.9324565602629037
428,0.5760742613943676,1.0653457988156567,-1.5986704785826071
429,-0.1016474767531867,-0.46949396682835476,0.35739459316702105
430,-0.359251265010994,-0.5284614587562237,-1.270096566881237
431,-0.5718247600579178,1.9714232224067485,1.3867986953971385
432,-1.9738861057083552,1.3592439703900625,-1.1604034359541502
433,-1.2234598879029324,0.7132945085242806,4.040540378644087
434,-1.1860668730576611,-1.82612588674975,-1.512310270488547
435,-1.5460625163799036,-0.9418647386418135,1.7955869491745577
436,-2.2325551306087537,-0.10063753759257543,-0.9250746159973811
437,-2.370464332430647,1.8222343776828,-1.6676965530214332
438,-3.04608777629577,1.1856905191394929,-2.0506266995470073
439,-0.5448508406800492,-0.34163848458894386,1.782634246075197
440,0.8375093545265517,-1.6148581206000614,-0.07633529910659131
441,-0.4012080643664637,-1.4061535743321703,2.2637495904774303
442,0.30407290649707275,0.8677299005806977,0.9516980572196432
443,0.8542485323192379,-0.14379148883763926,-1.3683533103178918
444,1.4512325257023742,-0.9366364092063794,1.3769340830759762
445,-0.5660671890676021,0.6198224237135934,-3.216803766505965
446,-0.7796077357398516,1.8219242988435371,0.4701006258181626
447,-0.1306402697742004,1.4654536005402934,-1.04738860374384
448,0.32495609731211916,-0.5379739222726112,-0.12647943875472442
449,-0.7859950267284415,-0.4967439791314554,-1.0304791516994354
450,-0.6212187971755048,-0.6000068374704218,1.1742750848994854
451,0.5518718980401541,1.6215670696419875,-1.3407328050858665
452,-0.34649907506713173,0.17006507879482025,-0.06533206966450789
453,-0.16114488662333476,-1.1508870355528769,0.7010094269986349
454,-0.9286943002185533,-1.1377450876570485,-1.0761087295862093
455,1.5420284160469935,-0.7931460521370097,1.6409525828678702
456,-1.1942274609891033,-0.891481678486078,-1.2987822913682483
457,1.607231746197599,-1.074257021194558,0.254336077222347
458,-1.7417825786145362,-0.048176906922501816,0.7426989720388348
459,-0.34311527407263076,-0.5041211626189223,-1.324928466317259
460,-2.4957605880540914,0.27655590257487367,2.243303351075003
461,1.3803974999083009,-0.9583181354421966,-1.2400519123041205
462,0.2985151241358283,-2.5794485999622974,0.6659183837435091
463,2.664885856012579,-1.2385811043113564,-0.8676111691343072
464,0.6371759432472106,1.2990604712363385,1.403551146022048
465,-0.03635215910555201,1.8530278978790022,-1.5127533893154128
466,-0.8041261092453504,0.6944337757444407,2.2757085654858025
467,0.28190532717924655,-1.4820249169723347,-1.7011719721832455
468,-0.8356000341782374,-0.02445322766868252,2.1243787341366227
469,1.220082335945578,0.9860042166544095,-1.8418029948591204
470,-1.1101930585533437,1.3159466826638853,1.9906539411167976
471,0.7792098725647684,1.2672795184192431,-3.7119608169960685
472,-0.6109675275620603,0.7739171487317775,2.63137158399645
473,0.26874791987594454,-0.32197127120656044,-2.509948632715093
474,-1.143267794134784,-1.646120834754775,0.6505724118426536
475,1.312782741801517,0.13916672106739875,-0.9726483023358797
476,-1.0315915287794941,-0.3145436669013475,-1.1834231439434846
477,-0.862748409237398,1.6964364246653933,-0.3347326441038231
478,-0.04668729592356846,0.6287015313660044,-1.1838491084143763
479,0.3559547580250386,-0.7749007991390527,0.8925881031163649
480,-0.5259357753003844,0.7381458263667082,-0.5620372808568745
481,1.4231218499535578,0.2368174046386099,0.34630485865772775
482,1.0100342127090123,0.8487701325638002,0.8453109624334038
483,1.567736738336943,-0.18783807487424614,0.7368426893772991
484,-0.7725157306268577,-0.2583362829444511,0.8703246985003854
485,-0.38649317402987005,-1.0610238398240592,-0.29746225388057246
486,-0.04205112587264659,0.062429345455561586,2.7799917841949173
487,0.3769514084910492,0.37044606593272184,-2.1009021423691
488,0.6660356783923876,-0.6543265369931843,3.346357536743711
489,0.8038483465190405,-0.32811479344513456,-1.8341525835742865
490,1.4069718346008366,0.9832083213697089,0.9978943953863801
491,1.2281644952607123,-1.1633909201600028,-1.0831572998885173
492,0.19521539744394778,-2.021928721379263,0.16464200289690606
493,-0.7416667667481684,-0.42408900822007833,-0.3752795597777786
494,-1.4338114107850783,0.696686954408552,1.3166545616154361
495,1.1454709848466407,0.7548388295738582,-0.9854493934500461
496,-0.4519567195788242,0.009751192195187275,1.6317413213207206
497,1.4101165702176928,0.6803883663882775,-0.9759335716379276
498,-1.3856732351750765,-0.3479629129655152,1.773518055498705
499,2.0133197698094865,-1.8528635253447003,0.5956079400720404
500,-0.48934214819923955,-1.8949720741122786,1.1086382318023262
501,3.942861110391367,1.289968275233504,-0.2997520188689176
502,0.42920870193919974,1.3400079635712872,1.5327321340901874
503,-0.528558666988262,-0.22180421930101984,-1.4184565911216205
504,-1.2714623732874166,0.21035921201324914,1.7918215992814548
505,-2.6349289508884226,0.7926016212257825,-0.9171097485665788
506,-0.7526020722154755,1.324903135710736,2.2028952523766687
507,-0.12520398605146166,-0.35092238714228735,-0.45207484931691255
508,0.5037217244593433,-1.2433737271519651,0.4672017761784719
509,0.18366965878195865,-0.9894604682856394,1.959492621422578
510,0.9656900657067784,-0.9629421365873423,-1.2838824553765358
511,-0.4126164116658488,-0.9806770582970563,1.7988189039248395
512,-0.5863940377442856,-0.8236721920989752,0.3423547743122245
513,-0.7008822670777285,-0.47074317119778114,-0.2453286260239019
514,-1.160298858158858,0.4629626298599062,0.6678467708552323
515,-1.2989131206342373,1.1812598535756471,0.16553034090453195
516,-1.3159863266935936,-0.1383299017495909,-1.357657954918583
517,-2.7920181194882954,-2.304906694141592,1.3344631379091623
518,-0.15359664120240402,0.3733638724458971,-0.8370178995567018
519,-1.1975117141919729,1.691425569345935,0.7671640521880023
520,-0.8503284260399451,1.3570413238492662,-0.5606808599786711
521,-0.8276232573934503,-1.746695206849648,-0.32107461928332537
522,1.5172900161211236,-1.7134702128628585,-0.35808595818046157
523,1.1069768465505976,1.0937337292745566,0.21503596734842678
524,1.356468194415238,1.9005242122879267,0.5947719013774619
525,-0.6380776838045958,-0.8685494391894634,1.6076614588097815
526,0.6051492469166053,0.7757433811845922,1.5831652526975581
527,0.028888040879539556,0.9101431829448563,0.882229918217702
528,-0.23237317658054513,-1.2610817119442632,-0.2172073483071677
529,-0.41180866947422096,-1.054080486489968,-1.0219741668965425
530,1.425911489434017,0.9231355271499663,-1.525347485774343
531,0.302523726054704,1.4826728280008556,-0.13437530266046793
532,1.7946192162936556,0.20386683646909476,0.06267539856233562
533,0.461137575654166,-0.26232847044991303,0.9263657948017194
534,1.6170023718490758,-1.6746307067064519,-0.30614935761776374
535,0.6253634340074865,1.3325998373400811,1.471531699991989
536,1.546827669590371,2.917381242431593,-0.9896184548623007
537,-0.04160132213703291,1.6569047647220505,1.6787479499275273
538,-0.5545919209496621,-1.1693543966250846,-1.590101194068159
539,-0.3113195167013382,-1.1193109783821005,1.5623844858285678
540,-0.6571978797993236,1.701504840367726,-0.9012100949667224
541,0.128283107644642,0.0465998705356121,-1.583337030657344
542,-0.536932625627596,-2.5216242503277435,1.9388405699862439
543,-0.26061240989449297,-0.09382506157068249,-1.3370566972965405
544,-1.1629430186883045,2.5261897578640333,2.018466095846005
545,1.4158031394849113,1.9999557374686394,-1.0863329377375623
546,-1.5552603169032126,0.5605808573249524,-2.1126367605553567
547,-1.4818130755828556,-0.5931333415392722,1.1742908626114503
548,-2.099520013552331,0.04244251827736267,-4.139521559938013
549,-0.7106567425901429,2.079369424062553,3.4139191029001634
550,-2.24139948461199,1.541825315326431,-3.1450478241148514
551,-0.9042126018482444,-0.7157855809078865,2.6073413307544007
552,-3.088717639848224,-0.3280770586679227,-0.5770501730076703
553,-0.4588758118619988,1.3941210129709596,3.3855544283598844
554,-0.24255518182755564,0.3740572029070052,0.3506124854858149
555,0.33607403642356604,-0.2892502992701659,0.013375246713179356
556,1.861651848148391,0.18299950227366235,-0.12449992558127387
557,2.3067188663065497,1.2996722257661617,1.3891144570262393
558,1.5916956007962477,0.9581235434310665,0.14995352562843478
559,1.6787156812455017,-2.443037740043584,2.4745228217063335
560,2.1351329141736617,-2.2255428980805276,-0.12876148971124057
561,-0.6699439830316161,1.7510120440026604,0.002131197114170369
562,-0.2646823377490514,0.7812733471551649,0.1848065764475308
563,-2.187591738611965,-0.8749966843403592,-0.5018646482801786
564,-0.11283404137710112,-1.0472274940620008,-0.31596263759281507
565,-1.2294365675372085,-1.2885985758521044,0.1374863673046543
566,-0.8282332469919305,-0.6547575740924059,0.07146916538162618
567,0.32853613817454685,1.4622025984200238,0.8308675830274208
568,0.39341269584050376,2.7173967132158214,-1.2037464772756772
569,1.2366077490892424,-1.302281163683931,0.5169546731831408
570,0.7962991554041317,-0.2494936898935074,-2.2055978458862477
571,-0.39223814120634815,1.6872317519893059,1.155799049296957
572,0.4625262902201197,3.5461166574070475,-0.9198897167346983
573,1.0333932034125097,-1.6383117793614652,0.3422080353436692
574,-0.13747621417383393,-3.5006426394167685,-0.5844418416729724
575,0.22060333865955545,1.7654803664107677,0.9662968950074771
576,-0.5657970405945759,4.133503710492427,-1.6813046787616823
577,0.44565187238920445,-1.2672766465301972,2.28729326143035
578,-0.5276488018515457,-1.9746128616896594,-1.271824613169296
579,-0.21375327273840206,-0.044291955698629204,0.8421272513898028
580,-0.7343485472947896,2.296610946471314,1.2235174577180843
581,-0.28479191455708863,0.2520255194728859,-2.8203865789871654
582,0.24814495910435297,-3.3281931912843525,0.8737054788406743
583,0.9461162652098603,0.07497118182773366,-1.2082201661370484
584,2.5124829548092165,2.1563158111696086,-0.09912019734517864
585,0.7185972516763725,0.3292278129135668,0.9228305548834379
586,0.8215006518720104,-1.5786212661516612,-1.454852304850766
587,-1.8307866614931454,-1.358555520221436,1.6122966421691889
588,0.08339816899451968,-0.7051219243701763,-0.15660640377680068
589,0.0013327439045223155,1.5335387112483962,1.155490171045558
590,1.3488260989872813,1.5780914913508965,0.31469200734888503
591,1.2489881919436916,0.07265146217269747,-0.055751051438840904
592,0.7316930321932001,-1.000062073008833,0.7036587705902422
593,0.8907590784507473,-1.576029857111943,0.4386918191135971
594,-0.002175600105237145,0.6188149258196333,0.9641208445518447
595,0.9579884498853971,1.482305754071079,1.009778443325101
596,0.14819360224573283,-0.5288633110312562,-1.3312644341127162
597,-1.0777461804586757,0.24001318494361157,0.3828060729545243
598,-0.6625741832742771,0.3544129211124965,-0.25213787263671017
599,0.03699814361047604,-1.0684918015112244,-1.0205882064844882
600,1.0385071423804897,-0.36992820869217213,1.9582816020276907
601,1.7911051196692584,0.7467309450778746,-0.7232069330845845
602,0.39704980404523293,1.268999774214692,1.4934678143325388
603,0.8646309796270122,-0.4965920902293014,-2.000796540418166
604,-0.7466156986572675,-0.5567883176146056,0.43011329022204126
605,-1.9408604784092003,-1.4407380726813155,1.4909806309772755
606,-1.7481824020785153,-0.5407502707839589,-1.0476952684361045
607,-0.994305207416231,1.5912844905310997,1.6387690541945779
608,0.8024600855542164,0.7201464652409751,0.6806876784465083
609,-0.40642110241593743,0.9913738687781505,0.48263591628546076
610,-0.13605629046372847,1.1660829355980051,0.541322476391261
611,-1.6517621009624617,0.5450398728169944,-0.06520316247911523
612,0.6220909604663933,0.49561928326135296,-1.2087438143539653
613,1.5329185768609765,0.4008930687311162,0.4143730479909089
614,0.026338105398029832,-1.5871170578096339,-1.564958112525985
615,0.8494687591451959,-0.3269454284094697,0.27639604688825214
616,0.527869489936786,0.9818700503103064,-1.4387960238989677
617,0.8288966167416615,0.5908436659313254,-0.039379114944178895
618,0.994860806933974,-2.2469994655396075,-1.505414906401843
619,0.6201525557019253,-0.9510653946675437,-1.7229130775723531
620,-0.28532375790503883,0.49635696594238266,1.7832285837761201
621,1.9576444177101917,0.7411560391235583,-0.3568741222843732
622,0.9330401256333571,-0.24201633912624848,3.2258355562493897
623,1.6916240613993065,-1.4529370204408534,0.6420250866248843
624,-0.14322749616092104,1.9762167842020435,-0.38214560787559
625,0.9394307045303587,1.9440882716671668,0.5903264033538951
626,-1.61223533720584,-1.1749793957497103,-2.225403395354191
627,-0.7850476102748181,-1.458920586327929,1.1530527926426077
628,-0.5750543435313364,1.8924504865973328,-2.4241106130316763
629,-0.6312198500718912,-1.3641005209534844,0.2859407937132977
630,1.8806046922375168,-3.5435962924188855,-1.487705105974729
631,0.3853801791555156,-0.8481789625247367,0.6568661396754288
632,3.312351048520103,2.4910894552770917,-1.4282543685093438
633,-0.7719562910651354,2.6271548183176385,-1.5542702575546712
634,2.10633825069662,-0.6475405016603037,0.09327864782640591
635,-1.9457139618285322,-2.6759464448800716,-1.8587845149815
636,-0.22655919260637725,-1.7564450295842344,0.9250966672879031
637,-1.6304704350851733,-0.2767419455183735,-1.6789140468259705
638,0.2560756876111515,1.0431993506714432,1.8152716229880603
639,0.67335512695531,0.5301288327979089,-1.3175295065348747
640,-0.2577753517111292,-1.790294294842771,1.4530256735917368
641,0.9370490669937958,-1.478542201460701,-0.13292279010403463
642,-0.6695816635985986,0.7505926223513709,-0.6978292592405849
643,0.41864890637489355,2.533642915825661,0.13197616098117504
644,-1.9794936228335456,-0.5951503577570706,-0.14334770441765504
645,-0.664687589747494,-3.4467324981909373,-1.2945189765601897
646,-1.8668589123674963,-0.8728209076133465,-0.034128447172908194
647,1.2113848123588893,2.1763436477839817,-0.27028822600616065
648,0.6593813860542161,1.1109681526590003,-0.37982074233518526
649,0.9090758677559785,-1.194607737451037,0.06417300664206232
650,-0.43320034863494566,-0.40757759030069973,1.6477283284630224
651,-0.984020191779631,1.2115340250457876,-2.908316101941624
652,-1.348391863362047,0.2545290693786907,1.6841757451701322
653,-0.23702003626552992,-0.3302535010021264,-0.5823365243774863
654,0.8458076298043755,0.0655267463278103,0.32252199242905166
655,-0.24782277045168122,1.306626976473508,0.000666326102271908
656,-1.60252515729699,-0.3394521865471519,-1.320361899909785
657,-0.49113046031802554,-0.5346414383131477,0.7792635739962525
658,1.2224142181587787,-0.8794693542462966,-0.13610348973262865
659,1.279260551455396,1.1243885226464077,0.9911044232474857
660,1.3547008327124657,0.7848985396775171,0.01452942955546882
661,1.2006459227048416,-1.1822925927008268,1.6742097025352716
662,0.13622538481092578,-0.5503438168568102,0.3114761659606332
663,0.1448809340813189,0.7916565220558018,1.5067380209684567
664,1.1767277632021875,0.3594275940769424,1.2698176730411435
665,-0.2481362628766467,-0.5659103563997059,2.218391864527567
666,0.34759331741852373,-2.2980790711029484,-0.33612047231675124
667,1.643335566453485,0.42328154145348906,0.646372636160649
668,1.822936334627914,2.134330531420029,-1.4508552964189996
669,-0.7032295024690536,-0.4838516926851291,2.2609270926515515
670,0.8862867970411993,-1.5430967230502983,-2.006129888567188
671,-1.2656082440002225,0.10829651000011006,1.2896169859244058
672,0.4922327644704389,1.4467583525146566,-1.530839396169484
673,0.831646737027014,-0.2844589639431283,-0.5525398477688401
674,1.0076147614703277,-2.100845045786835,-0.8759457812319629
675,1.245725825060748,-0.35778178177243575,0.22649165214799946
676,0.35740360515873415,1.6244224244222416,-0.19653597181542604
677,-2.0475812581386994,1.5978175490134716,-0.3868751792092733
678,-0.9511270978451772,-0.21208838258004176,0.9058441692965569
679,-2.5976967808813445,-1.4710378756717972,-0.13571997171349182
680,-0.5332874638103363,-1.044124223044777,-0.7791457349757203
681,-1.2117496104306344,-0.22012356550010181,-1.0843856955670939
682,-0.8213756243307779,-0.7729620600317932,-0.47003907774977693
683,-0.5356533401348618,0.16534321268945743,0.14561386899592477
684,-1.1721072072239362,2.6741613668618385,1.6929598007314615
685,0.790112053878253,1.0861096437877336,-2.8488496028823067
686,0.16599714528271112,-1.551061594253716,-0.1360700494112086
687,0.1127400979798232,1.3497733925799462,-2.527233321889942
688,1.2174122028067218,2.9333685389870148,0.7212010468895307
689,0.13765895939646483,1.2778927513128195,0.36813839332805637
690,1.6834894665993552,-1.3086542708590074,0.31284511357619776
691,0.7644072673233733,-1.5901358174463098,-1.6344375532452347
692,-1.342774208886417,0.8648235994709095,0.9987874800420357
693,-1.4610151370885998,-0.30067629749577596,-2.8514707393192937
694,-2.6955900113863382,0.012478266672449556,1.1038030001449917
695,0.7833426744634682,-0.7632234557737562,1.0703103205551152
696,0.6955060177370636,-0.3881752599307423,-1.8680437590015568
697,0.5134670199496174,-0.2785487578629581,2.183342546182771
698,-1.291719950324582,0.9693334040315633,-3.7458048596501805
699,-1.3548645032077604,0.024926940682014398,1.5781190649390329
700,-0.8603574827500898,-2.225751310481197,-1.248940873069273
701,1.0199990084757231,-0.7798478907387405,1.813297733925288
702,0.65817721436202,1.159241668992347,-1.104171875299132
703,0.20563761657753066,-0.08203859337689767,3.8081752243652645
704,-1.0249760933160565,-0.43732737922235587,-0.17964697324479362
705,1.2174397935879195,-0.8572367089923715,1.2606296446071579
706,0.06082252091434856,-1.093565824922993,-0.20022867154549218
707,0.924047293402578,0.47943337401568364,-0.8532490820425809
708,-1.224902435339946,2.1101168230548177,-1.514480190194749
709,-0.12789642797754003,-0.3923066529216677,-0.612981404837329
710,-0.4935852056336737,-1.730301345530414,0.16020790290518572
711,-1.109001671589784,0.36098038311561287,0.08012889008608975
712,0.06155723680135328,1.916350562765257,1.0182437314682051
713,-0.23618779391618494,-0.6401745802666772,0.587085490968726
714,0.8382916574272328,-1.6491749433249676,0.8481133295889518
715,-0.01129558607841094,0.032778597329775436,1.4020439662777626
716,1.2107033774005485,0.722298007303461,-0.07997839479407436
717,-0.184081243665876,0.8098180255170815,0.18557469176926172
718,1.3554706681436242,-1.5832689356414171,0.41223115918756015
719,-0.30286342207083744,-4.066018275257468,0.4539873267770444
720,0.29364145386562746,-0.612837650529317,0.8192214569605453
721,1.06318004520717,1.9517235648349733,1.072690881015932
722,1.0333631192068262,1.423133434714083,-0.7494604662081381
723,2.027795633948007,-1.4003945521069083,0.423396383288166
724,2.1588654157639637,-1.9228436214834286,-0.006647836645780725
725,-0.066478658033025,0.27222197939133985,0.8181993658710406
726,0.010843183947316194,3.0243205285900965,0.8669449996727382
727,-0.7036643214152651,1.5093812112975926,-0.7228139121742159
728,0.07579617840867836,-2.5773890711519085,-1.6796643509217342
729,-0.43262085471032186,-1.8285292987494406,-1.0778674593059834
730,0.4231376407134291,-0.9203690190473255,-1.29958285386662
731,-1.6164720439923803,-0.5739520372918445,-0.697879169236699
732,-0.45687557338924456,-0.7046794940327192,-2.1798778643514796
733,-2.6318698551981967,-0.16346100988982845,-0.184657577539376
734,-0.5159911283089544,1.8046726522683334,0.2961222565855046
735,-0.06044014559450517,1.8095527518417316,0.507375968021193
736,2.3899553075681923,-0.9153054458989623,0.7729475746660172
737,0.20621964815499372,-2.6463956462863045,0.6906563600690729
738,1.2140088426542048,-0.1819713000357314,-1.2044887065506171
739,-1.2652942081455159,2.099467625538769,0.25663920659300626
740,0.6613953537855837,0.36565717318985463,0.5528711169218495
741,-2.318554102411376,-1.9061552760566696,0.3473412686550683
742,-1.2423442999925807,0.686189586507576,0.9100870690110303
743,0.6028093080327617,2.4903472442579626,0.024243578796418624
744,0.8644188146788343,0.6984969037943602,-0.14526751379059252
745,0.9727113791016585,-1.1368659653973567,0.5841706994132185
746,0.7263741865062467,1.1936935843326535,0.04000383492845366
747,-1.0478880699952846,1.488456443848852,1.0282445707930588
748,-2.3006697405102394,-0.3564760762967027,0.2555159933600387
749,-0.5604819445395833,-0.16643371621834668,0.7952072987185714
750,-1.6800300813044289,-0.03715645577357107,0.03143644974667534
751,-0.6119294856273867,1.0757113816217674,0.8786668804781503
752,0.29976101281909695,-2.077518905871186,-0.28488315872636216
753,-0.3191191170685149,-1.241288367672779,-0.44985051729975933
754,-0.7137533812908299,2.245445705950411,0.19034515997423154
755,1.8475453733810532,2.3583888911984534,-0.66795517130512
756,1.3423252146313387,-1.4234520225215812,0.5323252006590149
757,0.9320370575593016,-1.0333526220914233,-0.00417768885821157
758,-1.1474220123781078,0.31975817083212327,-1.2728814139953581
759,-0.7367780276046402,1.1667660983747161,2.396237296046504
760,-1.1546969643545553,0.02972305456493493,-2.412186685020672
761,-0.53466350027691,-1.091574785062779,2.3942277216868044
762,-0.24906878488733403,-0.2623298514602276,-0.623703835744225
763,1.2450791740747875,0.20408018212353407,-0.9612524352389935
764,0.5159853946716554,-0.1906104450975016,1.0612725764650879
765,0.8904222671255436,0.973058706893528,-1.125007530302467
766,-0.8350782027890092,0.00027574092490167956,1.1890233117572495
767,-1.7101182072721195,0.2012843840389441,1.462795157755709
768,-1.3276222829294724,0.04279507235497777,-0.5753468065992509
769,-1.108917591347419,-1.948650747917854,1.0835003429247587
770,-0.944292916028405,0.9545765788227546,0.05748683408711297
771,-1.0155011962312819,1.8597948267187208,0.5169697778310216
772,-0.08663337150494968,-0.3660759363013233,-0.32645187339926895
773,0.8425790945898562,-0.1260200241374292,-0.8166206061510233
774,0.6598955207300155,1.3649340473183798,-0.0905435979304555
775,2.5910078684335383,1.40372133110628,-0.8791457956615973
776,1.7556486677600778,-2.132034109807613,0.6391578104234285
777,1.715285032711619,0.6685908780398175,-1.4957156312565087
778,0.15337484498676401,1.0704563117430324,-1.1435541663456537
779,0.12212675437251777,1.0014515116815588,-1.7429455015896704
780,-1.9719134040603763,-1.4201864788305927,0.15028144207311944
781,1.9136810091179393,0.09296711789776402,1.1302069930640264
782,-0.09405189524165472,0.0590826188212491,0.14044754376061752
783,0.08143763741128418,2.0779976750791964,2.017796460064853
784,-1.9138849239682183,1.5899653622410983,0.9791272910846054
785,-0.721756677171506,-0.6620529342807486,0.7391035176758394
786,-0.30700645632944834,-0.5002972829204874,-0.4156617080214683
787,0.7527761406478887,1.208785665543369,-0.691580464052387
788,-0.00661048192628555,0.41863030526099804,-0.9441729274181385
789,2.0718719017726563,-0.5852707069430121,0.3102814968207587
790,1.0768930890438368,1.1959665920210913,0.06258153047905166
791,1.9803531082779275,-1.6110446826774947,0.6519644640996628
792,2.685560663166985,-1.363945450777465,-0.3624894113309821
793,-0.13598652072512052,0.995083642095878,0.2269270186014083
794,0.37717355504524425,-0.48907520823946404,-1.0968756182158554
795,1.8469652765595814,-1.1338988152472333,0.49374362001971706
796,1.6566329672479627,0.17798423841922167,1.520067956798577
797,2.3122393800024987,1.5597597624154012,-0.1612264615767939
798,1.533568734950122,0.5095629855445305,1.6293169548405315
799,2.617698967280542,-1.686698119352636,0.43717614443072506
800,0.3888149247610105,-1.9321626726477796,-2.1653295067147056
801,0.5292138791192212,-0.7635752946285675,-0.41491527489858293
802,-1.4629225294749237,0.8343712336696885,-1.0247389373157316
803,1.846939101809032,0.047080590563952196,1.2992603513152512
804,0.2152491085212354,-2.1912252409609323,-0.07426450955824496
805,-0.9681400590824087,0.5981943339769148,1.890687854904149
806,-1.1139711140106077,2.5397770565246978,-1.981345132651458
807,-1.7320266393904913,3.438785323087159,0.16077747650315566
808,-0.34238143510570296,-0.7071943735869398,-0.0695225912490598
809,0.1309432491864564,-2.1491658543177135,0.06938006152850318
810,0.774722978398355,-0.9021049758113084,-0.17694370645250768
811,1.5342838817083142,1.4862311494246006,1.7490644635550554
812,0.4900791710616691,1.21482888864698,-0.0663973357510721
813,-0.11839090216708636,-0.1852747334536387,1.8894549134559857
814,-0.9612719283364473,-0.13495342301782975,-0.7691287050181626
815,1.0523223451924246,1.183551143298748,1.0231719658667968
816,0.2258717128334241,0.8691490788542785,-0.5903041514135947
817,-0.048929098491649725,0.032016925661586204,0.039777410287857085
818,-0.7428139808892873,-1.1594095972047218,0.19344287847303482
819,-0.8774672043383658,0.504792706143538,0.44219321718610644
820,-1.568399508071959,0.3243141195625755,0.36608466708009874
821,-0.6267961972889947,-0.17265636507248877,2.4707897602843794
822,0.2094824927688378,-0.4718856010569527,-1.8410408043619646
823,-0.03418340017533589,0.39386677620868804,1.8952462734301616
824,0.6227706526344734,2.083325912175753,-2.9232785994313124
825,1.2354546871485892,0.2876454196275916,1.0858501455264038
826,-1.3323983244364803,-0.9433021939712684,-0.16062535569262237
827,-0.9239288741238749,0.26878830278131016,0.34002179481924155
828,-0.6775662534552381,-0.4719514937585588,1.4100228295455437
829,-0.059205294866433084,-2.6122231125639632,-0.582731887513745
830,0.4799133157239051,-0.7155319889127634,2.3137309199559386
831,0.6471841369141551,2.541838268086151,-0.31032364736639506
832,-0.16318708462674997,0.62945447108373,0.5203772028470218
833,0.15291326662045976,-0.4187311543257628,-0.4934359585841136
834,-0.3061537558621576,-0.054574738654771915,-0.6098904874910697
835,0.173569449500303,1.1556311621858482,0.9156608248604711
836,0.6853258375252943,-0.5406491742652904,1.816422849323129
837,0.41878591535692233,-1.5459325305637601,1.313286813263948
838,-2.379417780423407,-0.8375434996740811,0.44842075286777594
839,-0.688647971166602,0.7721221694154483,-0.11668421084329908
840,-0.9094681228033887,0.4072941682144734,-0.8498722129142124
841,-0.6014857493219268,-1.071201264425036,-1.0874919618313432
842,-0.49656553597347386,-2.3998501778883545,-2.1612677051043527
843,1.1762563341377992,-0.7853892673179788,-0.512279661902578
844,1.2775962073940683,2.8888388705498205,-0.0013090329831905168
845,1.224172363845409,1.3546178574755676,1.4123289080411012
846,0.385590638485417,-0.8589093959309838,0.34259340297213525
847,-0.009311739565643185,-2.5085593141346756,-1.288810294521501
848,-0.03887888905509601,-1.677067521960594,-1.2237224292351478
849,0.3600668534481396,-0.22078306737173614,-0.7078326474676276
850,1.353782983240419,0.6429603251126297,-0.8827015031933129
851,1.3256851288370726,0.5759921456416119,0.31708045961109155
852,0.5960102416434215,-1.1681753065491787,-1.0722315186453706
853,-0.4520860334847288,-2.0028134628174064,1.1153978103728608
854,-1.6327566563150722,-0.1640527651995205,-2.621588389637871
855,-0.28933074922094315,2.4937117363586685,2.6111256089386212
856,0.7985173057285765,0.28720558716425704,-1.5721628957928981
857,0.8605192591676287,-1.4120013066138413,1.954341670933844
858,1.241160420570814,-0.7964249059121855,-1.0806244381818666
859,-0.15952240529773332,1.9942654858811792,-0.7184295588226299
860,0.08344993385464852,0.9099545201050229,1.3243256129734422
861,-0.6303248713874281,-1.943608911815748,-2.069090019959611
862,1.2081511576404464,1.338439721931526,3.935453048846198
863,-0.42455421721422715,0.8325690677811844,-2.588340645365895
864,0.7629068928913041,-2.202428478754946,3.07534842125291
865,0.28509431526039364,-0.16393639148097283,-3.074082137282196
866,0.16160273919212548,1.1957350228877943,1.820263289351001
867,-1.659651272820065,2.13997284898365,-0.6538089059667959
868,-1.3616183521773189,0.2218270747865282,1.3230730068235381
869,-1.076843964559655,-0.5285910142075683,0.37590073720585376
870,0.39711479305377073,-1.8788167757987575,-0.13128658549383143
871,-2.5555378661920294,0.22872139798714997,-0.4502987965497881
872,-1.1094541513097522,1.0284588734549476,0.8847794270284639
873,-1.9027813078284153,2.5069912969635535,1.069959891613105
874,0.8025965005275156,1.2686885253165365,1.7161381437377847
875,0.5028692272634541,-1.1567831786959668,0.9859787048348239
876,0.6740906831851654,-2.4113284444721255,0.5231822753154809
877,0.4940967100319419,0.09532583901161279,0.6998371764576603
878,-0.06042127906020453,1.4881552343869502,-0.8855608802649634
879,-0.19379543993337095,2.3414508097386415,0.4998663322472789
880,-2.3466694688673178,0.13389927474248103,-2.2681507442484867
881,-1.4640346110782092,-4.266581345252407,0.5531878138792626
882,-0.40353658338427634,-2.9306605984838594,-1.2412735186280788
883,1.095110602229869,2.323750523372925,0.2862632407973943
884,1.4401333376452894,2.650386174716361,0.7965359427855814
885,0.8639241286147687,-1.500645100293995,-0.05982173030695159
886,0.4657653768152377,-2.7669031409841525,0.08952846060454767
887,-0.2717153230029713,0.8131263555384154,1.3916693907440014
888,-1.3677920556322953,3.791060454473185,-0.8734062901594389
889,-0.2577792256239289,0.5175884722523035,2.1472331352028045
890,-1.3111574255991272,-0.8811057385627978,1.3429666172519579
891,-1.588800829932307,-0.8164100936788232,1.2607673652073497
892,-1.3407039555790494,-0.15519384649373724,2.3621867769504776
893,1.4682998613654166,-0.9067186320396498,0.7027432586961774
894,0.6604542203383231,-0.43275539662367635,1.2532465056744369
895,0.9527844076548869,1.7591361574584639,1.2061949909703817
896,0.8382129224611641,2.3057279911973705,-1.9623068358378104
897,1.473511995463104,0.7917500135687829,1.4441876957723228
898,-0.5270082793141031,-1.5526470453359333,0.30237952413764435
899,1.063610813089015,-1.6574710118684868,-1.449819400164637
900,-1.0191631185685988,0.4413888339411954,1.6052862384760305
901,1.2733870417570687,1.111512075441924,-2.3195401228275094
902,-1.5844611962994557,-0.6016377007922344,2.13385210069206
903,1.5615315910319714,-1.074908510585952,-1.0886417723848276
904,-2.3829187324727235,-0.10422315841063898,1.1617455089506281
905,-0.2115099699915295,-0.22609155670036774,-2.0712133946561213
906,-2.3877520964773042,1.5420141770078735,0.12122215126429003
907,-1.312522881778798,1.1224489065577714,1.3194048517447206
908,-0.8076086761710815,-3.0664930904395686,0.13654842513391435
909,-1.194504849463037,-1.6550011137202107,0.7019047733432134
910,-2.037936045875727,1.4746849086544147,1.156553120575283
911,-1.619024494819052,2.317736812128018,0.6059987744768089
912,-1.9517931654771297,0.27922057410430356,1.6331059927080338
913,-1.4921654930223434,-1.623093232574561,1.3986757123776319
914,0.027771742749836847,-0.1777775115511302,-2.21731698399238
915,-1.7921572965335655,1.6870669675188839,0.5038670823656104
916,-1.2772809768134166,1.2563184362825104,-2.1095594934144684
917,-1.387128644973836,-2.3532229043688586,0.21855994986872562
918,0.15753522372057183,-1.2413293235195932,1.2011077834529638
919,1.413558346787775,2.8870119875945535,-1.1026782202826864
920,0.016227011573872963,1.8135619039706563,-0.9747807332139053
921,1.6328824299953164,-2.7077011201843377,-0.9402862712283815
922,0.22064452571835408,-0.890468859958691,-1.0546553174586282
923,0.4852402091112097,2.4164512973223706,-1.795071092226879
924,0.0829357299727782,1.8285297278516195,-0.6530602717207179
925,0.11942006476298565,1.1961977119310543,-1.6815466839228081
926,0.4468729036751405,-0.015502752330452507,-1.0736814063141935
927,-0.9386255329499331,-1.2961954498148973,0.9670777740789891
928,-0.2566701471818102,-1.2901820764208107,-2.4688658679564703
929,-2.142929749346574,-0.38228683288706855,1.4350233631980858
930,2.6401846934142887,0.7001341246536795,-2.54645060748852
931,0.1323986572181363,-1.2673238323763383,1.2465212483888184
932,0.16379935376306953,-0.4948435716016765,-0.36300794914038237
933,-0.46748272322487866,1.5583126413364132,2.0350885899238165
934,-0.7433138278626029,2.0997749580579583,-1.7346999899545215
935,-0.48247149933972566,-0.29188538206091486,1.5690939531266515
936,0.42730309953235485,-1.0008307235634313,-0.5191553718550517
937,-0.38089508677701556,-0.6612388418253675,0.04127880056298561
938,0.18962857580981898,0.6651142889155024,0.8324584060799712
939,-0.6366158782658157,1.3313392680629426,0.8536252746305514
940,0.4663887931390868,-0.1800166008264678,0.23405561963104643
941,-0.38418176413599747,0.03363009646664061,0.12059635615143371
942,-0.6560711387654125,-0.3881573390382599,0.4711367307232595
943,1.524443541822639,1.804771663713367,0.11139800422244328
944,0.6122157240796638,1.2330096494449814,0.0358725466422902
945,-0.021778996586820254,-2.296888389591943,1.3141767431588367
946,0.17178462238421388,-2.046186348275814,-0.8730164708503007
947,1.454739109124445,1.5531854244561916,0.961054328350601
948,-1.3762948365779857,1.8251844702123914,-0.6781330639905381
949,0.28467999840512614,0.08509804885486139,-1.0400416325350612
950,-1.7471734470035556,-1.959869201710008,-1.2046671453710434
951,1.1412851461770657,-2.216421747317659,-1.446676417126776
952,-0.9883781564271068,1.5135509824054647,-1.7434195277870923
953,0.6885667788619259,3.627613430738535,-0.1480598897962448
954,-0.8253855946821261,1.0547911218068642,-0.45778770525028734
955,-0.21614006679607323,-3.208854779188768,1.8233600271670876
956,-2.8655713873098803,-2.4521205334531833,-2.0637578830487517
957,-1.3204514282850641,0.4523869956517119,2.5508183148739625
958,-0.9049139601856162,2.0870284046199283,-0.6861694302059675
959,1.3597439438668717,-0.46573493935747134,0.28214416286546684
960,0.7730250893376391,-3.1859374670554637,0.3443348081130493
961,0.4571628072149587,0.5176037992021454,-0.24576450632536634
962,-1.6297123540624696,3.5313139020824393,0.7509085040120201
963,-0.45957356520899556,0.5365206295378577,0.681487649410229
964,-2.07340978838233,-2.2664950134648256,0.7060957545541403
965,-1.8733586432093472,-0.006872815739359606,-0.9305821158709232
966,-2.086654253496351,1.401097062111312,-0.026352654390474628
967,-0.48837658685847446,-0.17269598532899488,0.6925465555518296
968,-1.161423537886714,-0.09136026412063358,0.1296493431338796
969,1.0331373010390765,-1.106796061459698,0.6223229725740902
970,-1.3276707431629289,0.15155620249458918,-2.2338644489154413
971,1.7738713035470093,1.3202809209912558,0.7374840816356389
972,0.09475825907625735,0.16797130023595647,-0.7727624187221999
973,0.8705609411557875,-1.4699221110698986,1.021216545811291
974,-0.2939902587799075,-1.0239859614308666,-0.18874595916025724
975,0.7421186468210018,1.189755126867068,0.4459035894253127
976,-2.3012499554834065,-1.052226823843868,-1.5764814939281422
977,0.6862393144805687,-0.5060378541597046,0.7350583345203558
978,0.015656587971515146,0.3283767285058519,-2.6487019084521495
979,1.7338074650065702,0.29144046105140087,1.665520018211138
980,-0.045545334779710844,0.2482655386142808,-2.2082460223079012
981,-0.24374749943432328,-0.26963149364792843,0.3151180711971744
982,-0.05216935065005557,-1.6836744398599373,-1.4543133972881324
983,-0.42089688493060673,-0.46830538693382906,1.3134115734296903
984,-0.015009286259592539,0.6892346137753045,-0.40704672079245974
985,1.1165430356834427,3.02054278943885,0.7511540361469522
986,1.6321201864384625,0.48341231626583997,0.20304556524901057
987,1.3089110754050797,-3.388467866585314,-1.2737032422265813
988,1.531586237905405,-1.90468969137833,0.8716183323339134
989,0.8088470348789145,2.6648115728261494,-0.9726667303700892
990,1.231051994663843,2.812415010511802,1.6601673936033632
991,0.1252924507760425,-0.21057472583629389,-0.3729825603412359
992,1.090488873288018,-3.8781207010464,1.8540692450808152
993,-0.10826364278517331,-1.2741109152522203,0.09476282845357031
994,1.8770522342811733,2.818112682488519,0.8454427549389452
995,-1.1453547546769596,1.2650525282936487,1.1727164634153873
996,1.5142530213338976,-2.1023678433941106,1.4325286613246706
997,0.278058020132545,-1.5277836382313952,-0.14384226279151469
998,1.5472866889829622,1.0657191515904538,0.12067047486044247
999,0.41020487246535986,-0.19445237284810601,-0.4039209604485889
