Date,JPM,BAC,MS,GS
2021-01-04,125.87000274658203,30.030000686645508,68.33000183105469,265.0
2021-01-05,125.6500015258789,30.260000228881836,69.48999786376953,270.92999267578125
2021-01-06,131.5500030517578,32.150001525878906,73.68000030517578,285.54998779296875
2021-01-07,135.8699951171875,32.86000061035156,74.94000244140625,291.6499938964844
2021-01-08,136.02000427246094,32.529998779296875,75.25,290.0799865722656
2021-01-11,138.0500030517578,33.06999969482422,76.05999755859375,293.8299865722656
2021-01-12,140.22000122070312,33.65999984741211,75.80000305175781,302.2099914550781
2021-01-13,140.35000610351562,33.459999084472656,75.55999755859375,302.94000244140625
2021-01-14,141.1699981689453,33.9900016784668,76.47000122070312,307.8699951171875
2021-01-15,138.63999938964844,33.0099983215332,75.23999786376953,301.010009765625
2021-01-19,138.0399932861328,32.77000045776367,74.98999786376953,294.20001220703125
2021-01-20,135.97000122070312,32.34000015258789,74.83999633789062,290.4700012207031
2021-01-21,134.8300018310547,31.770000457763672,74.69999694824219,289.3699951171875
2021-01-22,133.7899932861328,31.549999237060547,74.12999725341797,289.3900146484375
2021-01-25,132.1199951171875,31.15999984741211,72.37999725341797,283.0400085449219
2021-01-26,131.5800018310547,30.940000534057617,71.20999908447266,281.760009765625
2021-01-27,127.86000061035156,29.829999923706055,68.41999816894531,273.3299865722656
2021-01-28,130.11000061035156,30.31999969482422,69.31999969482422,275.0199890136719
2021-01-29,128.6699981689453,29.649999618530273,67.05000305175781,271.1700134277344
2021-02-01,129.6199951171875,29.959999084472656,67.66999816894531,274.7300109863281
2021-02-02,133.61000061035156,31.030000686645508,70.94999694824219,286.9700012207031
2021-02-03,135.13999938964844,31.579999923706055,70.5999984741211,288.54998779296875
2021-02-04,138.25,32.5,72.29000091552734,293.75
2021-02-05,137.97999572753906,32.369998931884766,73.22000122070312,293.5
2021-02-08,140.13999938964844,33.09000015258789,74.2300033569336,300.1499938964844
2021-02-09,139.5800018310547,32.95000076293945,74.23999786376953,300.4599914550781
2021-02-10,139.66000366210938,32.97999954223633,74.33000183105469,304.2799987792969
2021-02-11,139.27000427246094,32.880001068115234,73.72000122070312,302.32000732421875
2021-02-12,141.25,33.369998931884766,74.61000061035156,306.32000732421875
2021-02-16,144.64999389648438,34.27000045776367,76.05000305175781,311.9599914550781
2021-02-17,145.10000610351562,34.40999984741211,75.44999694824219,312.739990234375
2021-02-18,145.58999633789062,34.189998626708984,74.83000183105469,309.8999938964844
2021-02-19,148.02000427246094,34.540000915527344,76.0,315.6199951171875
2021-02-22,149.41000366210938,35.150001525878906,77.4000015258789,316.8699951171875
2021-02-23,150.61000061035156,35.52000045776367,77.5,319.2099914550781
2021-02-24,153.25999450683594,36.380001068115234,79.87999725341797,330.6400146484375
2021-02-25,151.17999267578125,35.93000030517578,78.43000030517578,327.760009765625
2021-02-26,147.1699981689453,34.709999084472656,76.87000274658203,319.4800109863281
2021-03-01,150.5,35.790000915527344,79.16000366210938,329.9200134277344
2021-03-02,150.00999450683594,35.529998779296875,80.79000091552734,330.94000244140625
2021-03-03,152.91000366210938,36.41999816894531,82.05999755859375,334.42999267578125
2021-03-04,150.55999755859375,36.5,81.11000061035156,329.2900085449219
2021-03-05,150.91000366210938,36.93000030517578,80.87000274658203,327.3699951171875
2021-03-08,152.91000366210938,37.130001068115234,81.0999984741211,334.19000244140625
2021-03-09,151.8300018310547,36.31999969482422,80.8499984741211,330.5899963378906
2021-03-10,155.1300048828125,37.369998931884766,83.08999633789062,342.0199890136719
2021-03-11,154.32000732421875,37.2400016784668,83.25,342.1000061035156
2021-03-12,156.14999389648438,37.939998626708984,84.33999633789062,348.80999755859375
2021-03-15,155.3699951171875,37.75,83.86000061035156,346.04998779296875
2021-03-16,153.50999450683594,37.63999938964844,82.54000091552734,341.7099914550781
2021-03-17,155.08999633789062,37.95000076293945,83.86000061035156,344.95001220703125
2021-03-18,157.64999389648438,38.939998626708984,83.94000244140625,348.0
2021-03-19,155.13999938964844,38.529998779296875,82.94000244140625,344.20001220703125
2021-03-22,150.97000122070312,37.65999984741211,81.91999816894531,339.3299865722656
2021-03-23,149.4600067138672,36.900001525878906,79.12000274658203,331.7699890136719
2021-03-24,150.6199951171875,36.900001525878906,79.33000183105469,328.6499938964844
2021-03-25,152.5500030517578,37.65999984741211,80.12999725341797,330.54998779296875
2021-03-26,155.08999633789062,38.68000030517578,79.9800033569336,327.3900146484375
2021-03-29,152.67999267578125,38.310001373291016,77.87999725341797,325.7300109863281
2021-03-30,154.47999572753906,38.9900016784668,79.08999633789062,332.010009765625
2021-03-31,152.22999572753906,38.689998626708984,77.66000366210938,327.0
2021-04-01,153.7100067138672,39.4900016784668,78.22000122070312,327.6400146484375
2021-04-05,153.6199951171875,39.79999923706055,78.0,323.5400085449219
2021-04-06,152.5399932861328,39.689998626708984,79.08999633789062,327.05999755859375
2021-04-07,154.92999267578125,40.04999923706055,79.04000091552734,326.54998779296875
2021-04-08,155.1199951171875,39.70000076293945,80.19999694824219,331.1400146484375
2021-04-09,156.27999877929688,39.9900016784668,80.72000122070312,330.80999755859375
2021-04-12,155.9499969482422,40.060001373291016,80.18000030517578,331.8399963378906
2021-04-13,154.08999633789062,39.31999969482422,79.52999877929688,327.67999267578125
2021-04-14,151.2100067138672,39.880001068115234,80.79000091552734,335.3500061035156
2021-04-15,152.1699981689453,38.7400016784668,80.81999969482422,338.54998779296875
2021-04-16,153.3000030517578,39.150001525878906,78.58999633789062,342.30999755859375
2021-04-19,152.64999389648438,39.16999816894531,80.02999877929688,343.0899963378906
2021-04-20,149.27000427246094,38.08000183105469,77.29000091552734,331.8800048828125
2021-04-21,150.5399932861328,38.720001220703125,79.25,335.2699890136719
2021-04-22,147.3699951171875,38.36000061035156,78.29000091552734,330.8500061035156
2021-04-23,150.19000244140625,39.18000030517578,80.94999694824219,339.3500061035156
2021-04-26,150.55999755859375,39.40999984741211,81.5199966430664,343.5199890136719
2021-04-27,151.25,39.880001068115234,81.95999908447266,346.6300048828125
2021-04-28,152.22999572753906,40.029998779296875,82.7300033569336,348.1099853515625
2021-04-29,155.19000244140625,41.11000061035156,83.63999938964844,352.9700012207031
2021-04-30,153.80999755859375,40.529998779296875,82.55000305175781,348.45001220703125
2021-05-03,153.36000061035156,40.560001373291016,82.45999908447266,350.1600036621094
2021-05-04,155.47999572753906,41.0,82.63999938964844,349.8399963378906
2021-05-05,157.52000427246094,41.38999938964844,84.51000213623047,357.6199951171875
2021-05-06,160.69000244140625,42.0099983215332,86.83000183105469,365.9700012207031
2021-05-07,161.24000549316406,42.18000030517578,87.69999694824219,370.8900146484375
2021-05-10,161.22000122070312,42.04999923706055,86.47000122070312,368.67999267578125
2021-05-11,158.5399932861328,41.56999969482422,84.91999816894531,359.9200134277344
2021-05-12,157.4499969482422,41.18000030517578,83.68000030517578,354.3999938964844
2021-05-13,161.5,41.84000015258789,84.86000061035156,358.80999755859375
2021-05-14,164.00999450683594,42.36000061035156,87.3499984741211,368.7699890136719
2021-05-17,164.6699981689453,42.7400016784668,88.08999633789062,369.25
2021-05-18,162.35000610351562,42.15999984741211,86.97000122070312,364.55999755859375
2021-05-19,161.11000061035156,41.970001220703125,86.05000305175781,358.3800048828125
2021-05-20,160.8300018310547,41.869998931884766,86.47000122070312,359.7799987792969
2021-05-21,162.66000366210938,42.400001525878906,88.33999633789062,366.260009765625
2021-05-24,163.5399932861328,42.630001068115234,89.69000244140625,368.2900085449219
2021-05-25,161.85000610351562,42.0099983215332,88.86000061035156,364.510009765625
2021-05-26,161.8300018310547,42.040000915527344,89.3499984741211,367.3999938964844
2021-05-27,164.35000610351562,42.54999923706055,90.30000305175781,371.3699951171875
2021-05-28,164.24000549316406,42.38999938964844,90.94999694824219,372.0199890136719
2021-06-01,166.0500030517578,42.91999816894531,92.11000061035156,382.44000244140625
2021-06-02,166.05999755859375,42.939998626708984,92.76000213623047,383.44000244140625
2021-06-03,166.1699981689453,43.25,93.3499984741211,388.7200012207031
2021-06-04,166.44000244140625,43.27000045776367,93.95999908447266,391.45001220703125
2021-06-07,165.66000366210938,43.119998931884766,93.20999908447266,388.1600036621094
2021-06-08,165.0,42.880001068115234,92.79000091552734,384.70001220703125
2021-06-09,162.94000244140625,42.31999969482422,92.66999816894531,382.7799987792969
2021-06-10,160.39999389648438,41.689998626708984,91.68000030517578,373.94000244140625
2021-06-11,160.2899932861328,41.86000061035156,92.05000305175781,378.04998779296875
2021-06-14,157.57000732421875,41.36000061035156,90.72000122070312,372.9200134277344
2021-06-15,155.17999267578125,41.38999938964844,90.69999694824219,371.29998779296875
2021-06-16,156.27000427246094,41.619998931884766,91.0999984741211,371.0
2021-06-17,151.75999450683594,39.79999923706055,87.91000366210938,361.5
2021-06-18,147.9199981689453,38.779998779296875,84.08999633789062,348.8299865722656
2021-06-21,150.42999267578125,39.75,85.94000244140625,357.5400085449219
2021-06-22,150.2100067138672,39.970001220703125,85.69999694824219,357.5299987792969
2021-06-23,151.1199951171875,40.20000076293945,85.87000274658203,361.04998779296875
2021-06-24,152.50999450683594,40.83000183105469,87.08000183105469,368.75
2021-06-25,154.0500030517578,41.619998931884766,88.4000015258789,368.7699890136719
2021-06-28,154.3300018310547,41.560001373291016,87.69999694824219,368.7099914550781
2021-06-29,154.13999938964844,40.88999938964844,90.63999938964844,372.6199951171875
2021-06-30,155.5399932861328,41.22999954223633,91.69000244140625,379.5299987792969
2021-07-01,157.0800018310547,41.540000915527344,92.0199966430664,374.989990234375
2021-07-02,156.02999877929688,41.150001525878906,92.02999877929688,374.1600036621094
2021-07-06,153.41000366210938,40.06999969482422,90.20999908447266,369.8599853515625
2021-07-07,153.58999633789062,39.75,90.02999877929688,367.6700134277344
2021-07-08,150.94000244140625,38.779998779296875,87.63999938964844,358.94000244140625
2021-07-09,155.77000427246094,40.040000915527344,90.33000183105469,371.760009765625
2021-07-12,158.0,40.630001068115234,92.75,380.5
2021-07-13,155.64999389648438,39.86000061035156,93.20999908447266,375.9800109863281
2021-07-14,155.1199951171875,38.86000061035156,92.45999908447266,374.3999938964844
2021-07-15,155.4600067138672,38.83000183105469,92.62999725341797,373.3500061035156
2021-07-16,151.91000366210938,37.91999816894531,91.25,364.79998779296875
2021-07-19,146.97000122070312,36.93000030517578,89.3499984741211,354.7200012207031
2021-07-20,149.7100067138672,37.689998626708984,92.31999969482422,364.760009765625
2021-07-21,152.86000061035156,38.459999084472656,95.68000030517578,373.5
2021-07-22,150.92999267578125,37.959999084472656,95.56999969482422,372.7099914550781
2021-07-23,150.63999938964844,37.70000076293945,94.55000305175781,374.04998779296875
2021-07-26,151.64999389648438,38.130001068115234,96.54000091552734,375.8999938964844
2021-07-27,151.4499969482422,37.97999954223633,96.4800033569336,374.8399963378906
2021-07-28,151.6999969482422,38.130001068115234,96.06999969482422,374.2300109863281
2021-07-29,153.0,38.68000030517578,96.27999877929688,377.54998779296875
2021-07-30,151.77999877929688,38.36000061035156,95.9800033569336,374.8800048828125
2021-08-02,151.1699981689453,37.959999084472656,96.2300033569336,378.19000244140625
2021-08-03,152.88999938964844,38.54999923706055,96.5999984741211,380.3599853515625
2021-08-04,151.24000549316406,38.27000045776367,96.29000091552734,377.8599853515625
2021-08-05,153.14999389648438,39.02000045776367,97.83000183105469,384.29998779296875
2021-08-06,157.5,40.150001525878906,99.7300033569336,397.8900146484375
2021-08-09,157.3300018310547,40.66999816894531,100.73999786376953,399.8800048828125
2021-08-10,159.25999450683594,41.43000030517578,102.04000091552734,407.9700012207031
2021-08-11,161.16000366210938,41.95000076293945,103.87999725341797,413.8900146484375
2021-08-12,161.7899932861328,42.150001525878906,104.66999816894531,415.0
2021-08-13,159.97999572753906,41.630001068115234,103.94000244140625,410.7799987792969
2021-08-16,158.92999267578125,41.290000915527344,103.72000122070312,408.3500061035156
2021-08-17,157.00999450683594,41.09000015258789,102.87000274658203,404.9700012207031
2021-08-18,155.5800018310547,40.790000915527344,101.26000213623047,398.79998779296875
2021-08-19,154.27999877929688,40.189998626708984,99.7300033569336,393.57000732421875
2021-08-20,154.72000122070312,40.369998931884766,100.66000366210938,395.8699951171875
2021-08-23,156.6999969482422,40.90999984741211,102.16000366210938,401.45001220703125
2021-08-24,157.6699981689453,41.47999954223633,103.08999633789062,408.55999755859375
2021-08-25,160.9199981689453,42.150001525878906,104.08999633789062,413.1199951171875
2021-08-26,161.75,42.040000915527344,103.83999633789062,412.4100036621094
2021-08-27,163.0500030517578,42.4900016784668,105.44999694824219,419.69000244140625
2021-08-30,160.44000244140625,41.65999984741211,104.08999633789062,413.6000061035156
2021-08-31,159.9499969482422,41.75,104.43000030517578,413.510009765625
2021-09-01,159.72000122070312,41.189998626708984,104.30999755859375,413.6600036621094
2021-09-02,160.4600067138672,41.02000045776367,104.83000183105469,414.5
2021-09-03,159.49000549316406,41.04999923706055,104.25,411.30999755859375
2021-09-07,159.2100067138672,41.31999969482422,104.18000030517578,410.32000732421875
2021-09-08,158.5,40.779998779296875,103.56999969482422,405.0
2021-09-09,159.19000244140625,40.93000030517578,103.83999633789062,404.5799865722656
2021-09-10,157.36000061035156,40.27000045776367,103.62000274658203,403.4800109863281
2021-09-13,159.86000061035156,40.939998626708984,104.4000015258789,409.260009765625
2021-09-14,157.07000732421875,39.84000015258789,101.91000366210938,403.69000244140625
2021-09-15,158.16000366210938,40.13999938964844,103.04000091552734,401.95001220703125
2021-09-16,158.08999633789062,40.45000076293945,102.47000122070312,396.67999267578125
2021-09-17,157.67999267578125,40.5,101.75,391.4599914550781
2021-09-20,152.9600067138672,39.11000061035156,98.62999725341797,378.1300048828125
2021-09-21,152.97999572753906,39.130001068115234,98.30000305175781,375.8399963378906
2021-09-22,155.91000366210938,40.13999938964844,100.80000305175781,385.4700012207031
2021-09-23,161.17999267578125,41.689998626708984,103.55000305175781,391.8599853515625
2021-09-24,163.0399932861328,42.13999938964844,102.91000366210938,390.8500061035156
2021-09-27,166.97999572753906,43.2599983215332,105.0999984741211,399.80999755859375
2021-09-28,166.0800018310547,43.15999984741211,102.04000091552734,389.5
2021-09-29,165.9499969482422,43.06999969482422,99.55000305175781,384.8900146484375
2021-09-30,163.69000244140625,42.45000076293945,97.30999755859375,378.0299987792969
2021-10-01,167.1300048828125,43.08000183105469,99.05000305175781,380.0
2021-10-04,166.9499969482422,43.34000015258789,97.1500015258789,374.1499938964844
2021-10-05,168.66000366210938,44.220001220703125,99.19999694824219,385.80999755859375
2021-10-06,169.02000427246094,44.2400016784668,99.0999984741211,388.04998779296875
2021-10-07,170.08999633789062,44.119998931884766,98.80000305175781,390.6199951171875
2021-10-08,170.22000122070312,44.34000015258789,100.04000091552734,392.80999755859375
2021-10-11,166.63999938964844,43.779998779296875,97.29000091552734,385.239990234375
2021-10-12,165.36000061035156,43.540000915527344,97.77999877929688,386.5299987792969
2021-10-13,161.0,43.13999938964844,98.56999969482422,386.30999755859375
2021-10-14,163.47000122070312,45.06999969482422,101.01000213623047,391.20001220703125
2021-10-15,166.61000061035156,46.369998931884766,102.13999938964844,406.07000732421875
2021-10-18,166.5500030517578,46.279998779296875,101.41000366210938,413.69000244140625
2021-10-19,168.57000732421875,46.47999954223633,101.75,412.1600036621094
2021-10-20,170.83999633789062,47.09000015258789,100.66000366210938,407.8900146484375
2021-10-21,169.5,46.83000183105469,100.27999877929688,407.5899963378906
2021-10-22,171.77999877929688,47.56999969482422,101.80000305175781,414.32000732421875
2021-10-25,170.94000244140625,47.5099983215332,101.91000366210938,414.75
2021-10-26,171.39999389648438,47.959999084472656,103.47000122070312,417.6099853515625
2021-10-27,167.8300018310547,47.040000915527344,101.87000274658203,410.989990234375
2021-10-28,170.36000061035156,47.779998779296875,102.5,414.82000732421875
2021-10-29,169.88999938964844,47.779998779296875,102.77999877929688,413.3500061035156
2021-11-01,169.8000030517578,47.849998474121094,104.0,416.70001220703125
2021-11-02,170.47000122070312,47.880001068115234,104.66000366210938,423.8500061035156
2021-11-03,170.52999877929688,48.369998931884766,102.61000061035156,417.8999938964844
2021-11-04,168.2899932861328,47.33000183105469,99.79000091552734,408.07000732421875
2021-11-05,168.0500030517578,46.970001220703125,99.87000274658203,407.0799865722656
2021-11-08,169.05999755859375,47.34000015258789,100.06999969482422,408.3399963378906
2021-11-09,167.77999877929688,46.880001068115234,99.70999908447266,405.3500061035156
2021-11-10,167.6199951171875,47.22999954223633,97.7699966430664,399.1199951171875
2021-11-11,167.61000061035156,47.4900016784668,98.87999725341797,402.3399963378906
2021-11-12,166.86000061035156,46.90999984741211,99.8499984741211,404.9100036621094
2021-11-15,166.55999755859375,47.04999923706055,100.20999908447266,404.80999755859375
2021-11-16,165.36000061035156,47.08000183105469,100.69000244140625,403.0899963378906
2021-11-17,164.47000122070312,46.5099983215332,97.68000030517578,391.54998779296875
2021-11-18,163.0500030517578,46.31999969482422,97.68000030517578,391.3699951171875
2021-11-19,160.9199981689453,45.400001525878906,96.91000366210938,387.3900146484375
2021-11-22,164.35000610351562,46.279998779296875,99.31999969482422,396.1600036621094
2021-11-23,168.27999877929688,47.5,101.86000061035156,406.3399963378906
2021-11-24,166.9600067138672,47.630001068115234,101.12000274658203,399.19000244140625
2021-11-26,161.92999267578125,45.7599983215332,97.93000030517578,389.3900146484375
2021-11-29,161.22999572753906,45.59000015258789,97.2300033569336,386.5400085449219
2021-11-30,158.8300018310547,44.470001220703125,94.81999969482422,380.989990234375
2021-12-01,157.88999938964844,43.84000015258789,95.26000213623047,376.4800109863281
2021-12-02,161.2100067138672,44.88999938964844,98.86000061035156,387.5400085449219
2021-12-03,158.2899932861328,43.869998931884766,98.20999908447266,382.7300109863281
2021-12-06,160.16000366210938,44.150001525878906,99.2699966430664,389.29998779296875
2021-12-07,162.57000732421875,44.709999084472656,102.5,400.1099853515625
2021-12-08,160.7100067138672,44.15999984741211,101.25,397.32000732421875
2021-12-09,160.4600067138672,44.4900016784668,100.58000183105469,396.489990234375
2021-12-10,159.82000732421875,44.52000045776367,98.43000030517578,391.05999755859375
2021-12-13,157.9199981689453,43.58000183105469,97.16999816894531,384.6400146484375
2021-12-14,159.1300048828125,44.130001068115234,98.81999969482422,388.82000732421875
2021-12-15,157.94000244140625,43.939998626708984,99.43000030517578,389.9100036621094
2021-12-16,160.41000366210938,45.0,100.30000305175781,397.3699951171875
2021-12-17,156.75999450683594,43.880001068115234,97.12999725341797,381.79998779296875
2021-12-20,153.94000244140625,43.15999984741211,95.37000274658203,371.6099853515625
2021-12-21,156.08999633789062,44.189998626708984,97.7699966430664,380.32000732421875
2021-12-22,156.6999969482422,44.279998779296875,98.30000305175781,382.3299865722656
2021-12-23,157.25999450683594,44.41999816894531,99.33999633789062,385.0400085449219
2021-12-27,158.16000366210938,44.63999938964844,100.4000015258789,388.0400085449219
2021-12-28,158.63999938964844,44.70000076293945,99.97000122070312,387.6099853515625
2021-12-29,158.55999755859375,44.630001068115234,98.7300033569336,386.20001220703125
2021-12-30,158.47999572753906,44.529998779296875,98.80000305175781,385.5199890136719
2021-12-31,158.35000610351562,44.4900016784668,98.16000366210938,382.54998779296875
2022-01-03,161.6999969482422,46.18000030517578,100.19000244140625,395.3299865722656
2022-01-04,167.8300018310547,47.9900016784668,104.26000213623047,407.4800109863281
2022-01-05,163.77999877929688,47.18000030517578,101.68000030517578,398.6300048828125
2022-01-06,165.52000427246094,48.130001068115234,103.41999816894531,396.92999267578125
2022-01-07,167.16000366210938,49.18000030517578,104.05000305175781,397.510009765625
2022-01-10,167.32000732421875,48.93000030517578,104.12999725341797,399.1700134277344
2022-01-11,167.49000549316406,49.209999084472656,105.91999816894531,403.04998779296875
2022-01-12,168.44000244140625,48.86000061035156,103.05000305175781,390.30999755859375
2022-01-13,168.22999572753906,48.7599983215332,102.55000305175781,390.79998779296875
2022-01-14,157.88999938964844,47.90999984741211,98.87999725341797,380.94000244140625
2022-01-18,151.27000427246094,46.2599983215332,94.01000213623047,354.3999938964844
2022-01-19,148.92999267578125,46.439998626708984,95.7300033569336,347.32000732421875
2022-01-20,147.66000366210938,45.75,99.83000183105469,348.1000061035156
2022-01-21,145.0800018310547,44.91999816894531,98.86000061035156,343.9100036621094
2022-01-24,144.9499969482422,44.54999923706055,98.08000183105469,343.3900146484375
2022-01-25,146.52999877929688,45.43000030517578,99.04000091552734,341.54998779296875
2022-01-26,147.9199981689453,45.900001525878906,100.16999816894531,342.67999267578125
2022-01-27,145.30999755859375,45.470001220703125,101.1500015258789,341.0299987792969
2022-01-28,146.61000061035156,45.869998931884766,101.80000305175781,347.010009765625
2022-01-31,148.60000610351562,46.13999938964844,102.54000091552734,354.67999267578125
2022-02-01,151.14999389648438,46.939998626708984,103.94999694824219,364.05999755859375
2022-02-02,149.94000244140625,46.88999938964844,103.91999816894531,363.05999755859375
2022-02-03,148.6999969482422,46.43000030517578,102.29000091552734,358.8800048828125
2022-02-04,152.55999755859375,48.279998779296875,104.11000061035156,367.6000061035156
2022-02-07,153.07000732421875,48.5099983215332,105.18000030517578,368.1499938964844
2022-02-08,155.9499969482422,49.380001068115234,106.3499984741211,370.1000061035156
2022-02-09,156.60000610351562,49.279998779296875,108.7300033569336,374.5299987792969
2022-02-10,155.9499969482422,49.04999923706055,107.56999969482422,370.57000732421875
2022-02-11,153.9199981689453,47.91999816894531,104.56999969482422,363.05999755859375
2022-02-14,152.49000549316406,47.41999816894531,102.56999969482422,360.239990234375
2022-02-15,154.72000122070312,47.790000915527344,103.43000030517578,363.94000244140625
2022-02-16,155.0,47.68000030517578,101.1500015258789,360.04998779296875
2022-02-17,151.42999267578125,46.06999969482422,96.1500015258789,349.05999755859375
2022-02-18,152.13999938964844,45.959999084472656,95.41999816894531,346.0400085449219
2022-02-22,151.8699951171875,45.560001373291016,94.75,344.2699890136719
2022-02-23,148.69000244140625,44.779998779296875,93.55000305175781,341.19000244140625
2022-02-24,144.5500030517578,43.599998474121094,91.80999755859375,340.19000244140625
2022-02-25,147.97000122070312,45.02000045776367,94.55000305175781,350.1199951171875
2022-02-28,141.8000030517578,44.20000076293945,90.73999786376953,341.2900085449219
2022-03-01,136.4499969482422,42.470001220703125,87.62999725341797,328.20001220703125
2022-03-02,139.27999877929688,43.15999984741211,88.37999725341797,336.3800048828125
2022-03-03,138.2899932861328,42.4900016784668,87.77999877929688,333.4200134277344
2022-03-04,134.39999389648438,40.95000076293945,86.36000061035156,329.6700134277344
2022-03-07,129.2100067138672,38.34000015258789,83.44999694824219,321.8900146484375
2022-03-08,128.3000030517578,38.59000015258789,83.30999755859375,321.3699951171875
2022-03-09,133.44000244140625,41.040000915527344,87.4000015258789,333.5899963378906
2022-03-10,131.86000061035156,40.66999816894531,85.86000061035156,329.8999938964844
2022-03-11,128.88999938964844,40.33000183105469,85.18000030517578,327.0
2022-03-14,130.1699981689453,41.20000076293945,84.72000122070312,324.9800109863281
2022-03-15,132.47999572753906,41.5,86.33000183105469,329.1600036621094
2022-03-16,138.39999389648438,42.79999923706055,91.76000213623047,340.760009765625
2022-03-17,140.14999389648438,43.029998779296875,93.86000061035156,343.2699890136719
2022-03-18,140.10000610351562,42.900001525878906,94.81999969482422,345.3800048828125
2022-03-21,139.64999389648438,42.84000015258789,92.61000061035156,339.0
2022-03-22,142.6199951171875,44.18000030517578,94.22000122070312,343.010009765625
2022-03-23,139.77999877929688,43.09000015258789,92.37999725341797,335.6099853515625
2022-03-24,140.69000244140625,43.06999969482422,92.12999725341797,336.2300109863281
2022-03-25,141.9199981689453,43.72999954223633,92.37999725341797,337.489990234375
2022-03-28,140.8699951171875,43.54999923706055,91.2699966430664,335.29998779296875
2022-03-29,141.17999267578125,43.439998626708984,91.83999633789062,339.6600036621094
2022-03-30,140.5399932861328,43.0,90.2699966430664,335.5899963378906
2022-03-31,136.32000732421875,41.220001220703125,87.4000015258789,330.1000061035156
2022-04-01,135.30999755859375,40.900001525878906,86.98999786376953,330.2200012207031
2022-04-04,135.91000366210938,40.83000183105469,87.27999877929688,328.2099914550781
2022-04-05,133.33999633789062,40.13999938964844,85.27999877929688,323.9599914550781
2022-04-06,131.49000549316406,39.70000076293945,83.12999725341797,316.260009765625
2022-04-07,131.08999633789062,39.38999938964844,83.12999725341797,314.1499938964844
2022-04-08,133.49000549316406,39.66999816894531,84.05999755859375,321.3900146484375
2022-04-11,133.0,39.59000015258789,84.0199966430664,320.760009765625
2022-04-12,131.5399932861328,39.16999816894531,83.93000030517578,319.7799987792969
2022-04-13,127.30000305175781,38.81999969482422,84.12999725341797,321.9700012207031
2022-04-14,126.12000274658203,37.56999969482422,84.76000213623047,321.6400146484375
2022-04-18,128.4600067138672,38.849998474121094,86.4800033569336,329.8800048828125
2022-04-19,131.1199951171875,39.56999969482422,88.91000366210938,335.95001220703125
2022-04-20,131.5800018310547,39.65999984741211,90.61000061035156,341.05999755859375
2022-04-21,130.55999755859375,38.90999984741211,88.91000366210938,334.29998779296875
2022-04-22,126.80999755859375,37.560001373291016,84.73999786376953,319.7699890136719
2022-04-25,126.7699966430664,37.290000915527344,85.05000305175781,321.4200134277344
2022-04-26,123.0199966430664,36.45000076293945,82.37000274658203,313.1199951171875
2022-04-27,121.41999816894531,36.25,82.20999908447266,313.2300109863281
2022-04-28,123.33999633789062,36.810001373291016,83.4000015258789,318.4100036621094
2022-04-29,119.36000061035156,35.68000030517578,80.58999633789062,305.489990234375
2022-05-02,120.44999694824219,36.13999938964844,81.95999908447266,310.4200134277344
2022-05-03,123.02999877929688,37.130001068115234,83.75,314.6600036621094
2022-05-04,127.0999984741211,38.619998931884766,87.22000122070312,324.1099853515625
2022-05-05,123.91999816894531,37.540000915527344,84.94000244140625,313.07000732421875
2022-05-06,123.72000122070312,37.45000076293945,84.2300033569336,312.9599914550781
2022-05-09,121.86000061035156,36.369998931884766,81.1500015258789,308.8900146484375
2022-05-10,118.88999938964844,35.7599983215332,80.26000213623047,305.05999755859375
2022-05-11,118.13999938964844,35.56999969482422,78.88999938964844,301.54998779296875
2022-05-12,118.04000091552734,35.06999969482422,78.58999633789062,299.4100036621094
2022-05-13,119.08999633789062,35.16999816894531,80.54000091552734,306.989990234375
2022-05-16,118.26000213623047,34.810001373291016,79.9000015258789,303.44000244140625
2022-05-17,122.18000030517578,35.9900016784668,82.93000030517578,312.9700012207031
2022-05-18,120.08999633789062,34.880001068115234,80.69000244140625,306.7300109863281
2022-05-19,118.30999755859375,34.45000076293945,79.95999908447266,308.20001220703125
2022-05-20,117.33999633789062,33.86000061035156,79.37000274658203,306.79998779296875
2022-05-23,124.5999984741211,35.869998931884766,82.30999755859375,316.6099853515625
2022-05-24,126.36000061035156,35.650001525878906,81.95999908447266,313.95001220703125
2022-05-25,127.23999786376953,35.84000015258789,82.2300033569336,314.8999938964844
2022-05-26,129.44000244140625,36.66999816894531,85.0,323.6300048828125
2022-05-27,131.27000427246094,37.02000045776367,86.44999694824219,328.5799865722656
2022-05-31,132.22999572753906,37.20000076293945,86.13999938964844,326.8500061035156
2022-06-01,129.91000366210938,36.66999816894531,85.0,321.8500061035156
2022-06-02,132.0,36.70000076293945,85.19999694824219,324.25
2022-06-03,130.16000366210938,36.189998626708984,84.12000274658203,318.67999267578125
2022-06-06,129.72999572753906,36.150001525878906,84.87000274658203,320.510009765625
2022-06-07,130.07000732421875,36.349998474121094,85.33000183105469,321.510009765625
2022-06-08,128.0,35.88999938964844,83.19999694824219,314.67999267578125
2022-06-09,125.30999755859375,34.5099983215332,81.16000366210938,304.2200012207031
2022-06-10,119.55000305175781,33.16999816894531,77.4000015258789,287.0199890136719
2022-06-13,115.98999786376953,32.02000045776367,75.18000030517578,283.32000732421875
2022-06-14,114.05999755859375,31.459999084472656,74.95999908447266,282.5400085449219
2022-06-15,115.41000366210938,32.04999923706055,76.0199966430664,290.07000732421875
2022-06-16,113.43000030517578,31.850000381469727,73.94999694824219,284.9800109863281
2022-06-17,113.02999877929688,31.920000076293945,72.9000015258789,279.7900085449219
2022-06-21,115.83000183105469,32.849998474121094,74.62999725341797,284.80999755859375
2022-06-22,115.18000030517578,32.599998474121094,74.4000015258789,284.5400085449219
2022-06-23,113.91999816894531,32.08000183105469,73.97000122070312,286.1700134277344
2022-06-24,117.31999969482422,32.310001373291016,77.81999969482422,302.75
2022-06-27,116.37999725341797,32.349998474121094,77.44000244140625,300.7799987792969
2022-06-28,115.81999969482422,32.2599983215332,78.16000366210938,299.489990234375
2022-06-29,115.30000305175781,31.860000610351562,78.19000244140625,303.2799987792969
2022-06-30,112.61000061035156,31.1299991607666,76.05999755859375,297.0199890136719
2022-07-01,114.05000305175781,31.559999465942383,76.75,299.2300109863281
2022-07-05,112.62000274658203,31.239999771118164,76.11000061035156,297.20001220703125
2022-07-06,111.88999938964844,30.979999542236328,75.44999694824219,293.760009765625
2022-07-07,114.72000122070312,31.860000610351562,76.98999786376953,298.6000061035156
2022-07-08,114.36000061035156,31.790000915527344,76.7300033569336,296.4700012207031
2022-07-11,112.86000061035156,31.459999084472656,75.81999969482422,293.17999267578125
2022-07-12,112.97000122070312,31.360000610351562,75.94000244140625,292.5299987792969
2022-07-13,111.91000366210938,30.84000015258789,74.9800033569336,290.1499938964844
2022-07-14,108.0,30.1299991607666,74.69000244140625,281.5899963378906
2022-07-15,112.94999694824219,32.25,78.05000305175781,293.8699951171875
2022-07-18,111.79000091552734,32.2599983215332,78.86000061035156,301.260009765625
2022-07-19,114.55999755859375,33.349998474121094,81.6500015258789,318.04998779296875
2022-07-20,114.54000091552734,33.36000061035156,81.80999755859375,321.45001220703125
2022-07-21,115.31999969482422,33.650001525878906,83.0199966430664,326.5400085449219
2022-07-22,114.76000213623047,33.43000030517578,82.43000030517578,323.92999267578125
2022-07-25,115.22000122070312,33.72999954223633,82.55000305175781,324.1199951171875
2022-07-26,113.41999816894531,33.04999923706055,80.79000091552734,318.54998779296875
2022-07-27,115.23999786376953,33.59000015258789,82.51000213623047,324.5400085449219
2022-07-28,114.80999755859375,33.31999969482422,82.94999694824219,329.1099853515625
2022-07-29,115.36000061035156,33.810001373291016,84.30000305175781,333.3900146484375
2022-08-01,114.20999908447266,33.709999084472656,84.08999633789062,332.0799865722656
2022-08-02,112.43000030517578,33.040000915527344,83.52999877929688,327.8800048828125
2022-08-03,113.61000061035156,33.63999938964844,85.05000305175781,333.1700134277344
2022-08-04,112.36000061035156,33.400001525878906,85.36000061035156,331.8699951171875
2022-08-05,115.76000213623047,33.959999084472656,86.12999725341797,334.6700134277344
2022-08-08,114.3499984741211,33.4900016784668,86.02999877929688,334.67999267578125
2022-08-09,115.37999725341797,33.91999816894531,86.36000061035156,336.6199951171875
2022-08-10,118.38999938964844,35.06999969482422,88.88999938964844,347.9100036621094
2022-08-11,120.13999938964844,35.90999984741211,90.19999694824219,351.67999267578125
2022-08-12,122.12999725341797,36.29999923706055,91.66000366210938,353.82000732421875
2022-08-15,122.45999908447266,36.25,92.0199966430664,355.8500061035156
2022-08-16,123.62999725341797,36.63999938964844,91.81999969482422,354.9700012207031
2022-08-17,122.58999633789062,36.40999984741211,91.3499984741211,353.739990234375
2022-08-18,121.63999938964844,36.279998779296875,91.7300033569336,354.5199890136719
2022-08-19,118.62999725341797,35.47999954223633,90.01000213623047,349.2699890136719
2022-08-22,116.66999816894531,34.720001220703125,88.45999908447266,342.4200134277344
2022-08-23,115.5199966430664,34.40999984741211,88.30000305175781,340.17999267578125
2022-08-24,115.80000305175781,34.52000045776367,88.5999984741211,341.94000244140625
2022-08-25,118.55000305175781,35.13999938964844,89.91000366210938,346.489990234375
2022-08-26,114.66999816894531,34.029998779296875,86.80999755859375,336.3999938964844
2022-08-29,114.38999938964844,33.900001525878906,85.3499984741211,333.9200134277344
2022-08-30,114.41000366210938,34.09000015258789,84.43000030517578,333.6300048828125
2022-08-31,113.7300033569336,33.61000061035156,85.22000122070312,332.6700134277344
2022-09-01,114.51000213623047,33.470001220703125,86.16999816894531,333.5
2022-09-02,113.70999908447266,33.43000030517578,86.4000015258789,331.4800109863281
2022-09-06,113.73999786376953,33.060001373291016,85.12999725341797,326.489990234375
2022-09-07,115.9000015258789,33.56999969482422,86.86000061035156,330.55999755859375
2022-09-08,118.5999984741211,34.650001525878906,88.44000244140625,335.3800048828125
2022-09-09,119.16999816894531,34.939998626708984,89.45999908447266,340.1000061035156
2022-09-12,120.58000183105469,35.27000045776367,90.1500015258789,342.5799865722656
2022-09-13,116.38999938964844,34.0,87.05000305175781,328.3900146484375
2022-09-14,116.12000274658203,33.869998931884766,87.18000030517578,327.260009765625
2022-09-15,117.87000274658203,34.5099983215332,88.26000213623047,331.6199951171875
2022-09-16,117.08000183105469,34.119998931884766,87.43000030517578,326.2099914550781
2022-09-19,118.16000366210938,34.689998626708984,88.72000122070312,328.6600036621094
2022-09-20,115.83000183105469,34.16999816894531,87.19000244140625,323.260009765625
2022-09-21,112.48999786376953,33.150001525878906,86.36000061035156,320.7099914550781
2022-09-22,111.20999908447266,32.5,84.7699966430664,312.9200134277344
2022-09-23,109.13999938964844,31.729999542236328,81.51000213623047,301.9700012207031
2022-09-26,106.79000091552734,31.030000686645508,79.76000213623047,294.6199951171875
2022-09-27,105.8499984741211,30.56999969482422,79.4800033569336,291.3800048828125
2022-09-28,107.98999786376953,31.06999969482422,81.47000122070312,300.7900085449219
2022-09-29,106.16000366210938,30.65999984741211,79.86000061035156,296.1099853515625
2022-09-30,104.5,30.200000762939453,79.01000213623047,293.04998779296875
2022-10-03,107.7300033569336,31.09000015258789,80.37999725341797,299.1499938964844
2022-10-04,112.7699966430664,32.380001068115234,83.97000122070312,314.8699951171875
2022-10-05,110.38999938964844,31.920000076293945,83.11000061035156,309.0
2022-10-06,108.13999938964844,31.459999084472656,81.30999755859375,304.6700134277344
2022-10-07,105.9800033569336,30.75,78.93000030517578,301.0799865722656
2022-10-10,104.98999786376953,30.65999984741211,78.41000366210938,300.5400085449219
2022-10-11,101.95999908447266,29.770000457763672,77.0,294.2099914550781
2022-10-12,103.61000061035156,29.860000610351562,76.5999984741211,295.30999755859375
2022-10-13,109.37000274658203,31.690000534057617,79.31999969482422,307.07000732421875
2022-10-14,111.19000244140625,31.700000762939453,75.30000305175781,299.989990234375
2022-10-17,115.86000061035156,33.619998931884766,77.13999938964844,306.7099914550781
2022-10-18,118.83999633789062,34.880001068115234,79.44000244140625,313.8500061035156
2022-10-19,116.51000213623047,33.91999816894531,77.63999938964844,311.760009765625
2022-10-20,116.12999725341797,33.70000076293945,76.5999984741211,310.80999755859375
2022-10-21,122.2300033569336,34.95000076293945,79.22000122070312,325.1000061035156
2022-10-24,122.37999725341797,35.06999969482422,79.43000030517578,328.70001220703125
2022-10-25,122.69999694824219,35.38999938964844,80.51000213623047,332.3999938964844
2022-10-26,124.11000061035156,35.70000076293945,80.91000366210938,335.69000244140625
2022-10-27,124.5999984741211,35.869998931884766,80.69000244140625,337.17999267578125
2022-10-28,126.08000183105469,36.18000030517578,82.22000122070312,341.82000732421875
2022-10-31,125.87999725341797,36.040000915527344,82.16999816894531,344.510009765625
2022-11-01,128.14999389648438,36.20000076293945,83.72000122070312,348.5799865722656
2022-11-02,126.97000122070312,36.09000015258789,84.37000274658203,349.7900085449219
2022-11-03,127.19999694824219,35.88999938964844,83.62000274658203,348.8699951171875
2022-11-04,130.67999267578125,36.790000915527344,84.8499984741211,357.9100036621094
2022-11-07,131.3699951171875,37.0099983215332,85.56999969482422,362.55999755859375
2022-11-08,131.4499969482422,37.11000061035156,85.27999877929688,364.0199890136719
2022-11-09,129.74000549316406,36.52000045776367,83.44999694824219,362.0
2022-11-10,135.0800018310547,38.130001068115234,88.80000305175781,378.30999755859375
2022-11-11,135.3000030517578,38.40999984741211,90.77999877929688,385.1700134277344
2022-11-14,133.91000366210938,37.7599983215332,89.80999755859375,382.3599853515625
2022-11-15,132.94000244140625,37.70000076293945,90.5,382.8800048828125
2022-11-16,133.1199951171875,37.36000061035156,89.81999969482422,382.3299865722656
2022-11-17,132.5399932861328,37.16999816894531,88.94999694824219,379.7799987792969
2022-11-18,133.83999633789062,37.189998626708984,89.19999694824219,379.20001220703125
2022-11-21,133.0500030517578,37.310001373291016,89.08000183105469,380.2099914550781
2022-11-22,135.0399932861328,37.4900016784668,89.66999816894531,383.8699951171875
2022-11-23,136.47999572753906,37.61000061035156,89.93000030517578,386.25
2022-11-25,136.74000549316406,37.70000076293945,90.91000366210938,388.8599853515625
2022-11-28,134.35000610351562,36.86000061035156,89.88999938964844,382.3599853515625
2022-11-29,136.55999755859375,37.0,91.08000183105469,383.7099914550781
2022-11-30,138.17999267578125,37.849998474121094,93.06999969482422,386.1499938964844
2022-12-01,136.24000549316406,36.54999923706055,93.0,383.80999755859375
2022-12-02,135.16000366210938,36.08000183105469,92.0999984741211,380.5799865722656
2022-12-05,131.3699951171875,34.470001220703125,89.80999755859375,371.5400085449219
2022-12-06,131.58999633789062,33.0,87.51000213623047,362.9100036621094
2022-12-07,131.5,32.7400016784668,87.27999877929688,359.9200134277344
2022-12-08,132.8800048828125,32.439998626708984,88.69000244140625,358.0799865722656
2022-12-09,132.16000366210938,32.380001068115234,89.47000122070312,359.1400146484375
2022-12-12,134.2100067138672,32.72999954223633,91.12000274658203,363.17999267578125
2022-12-13,134.0800018310547,32.75,92.70999908447266,368.69000244140625
2022-12-14,133.41000366210938,32.279998779296875,90.5,360.3800048828125
2022-12-15,130.10000610351562,31.770000457763672,87.79000091552734,349.8299865722656
2022-12-16,129.2899932861328,31.700000762939453,86.86000061035156,346.3500061035156
2022-12-19,130.05999755859375,32.060001373291016,85.55000305175781,344.6099853515625
2022-12-20,130.69000244140625,32.189998626708984,85.16000366210938,344.489990234375
2022-12-21,132.16000366210938,32.68000030517578,86.87000274658203,350.1600036621094
2022-12-22,130.66000366210938,32.38999938964844,86.37000274658203,345.5799865722656
2022-12-23,131.27999877929688,32.470001220703125,86.11000061035156,345.510009765625
2022-12-27,131.74000549316406,32.529998779296875,85.05999755859375,341.9700012207031
2022-12-28,132.4600067138672,32.77000045776367,84.45999908447266,340.8699951171875
2022-12-29,133.22000122070312,33.13999938964844,85.23999786376953,343.42999267578125
2022-12-30,134.10000610351562,33.119998931884766,85.0199966430664,343.3800048828125
