Fecha,Close
2010-01-04,132.45
2010-01-05,130.85
2010-01-06,130.0
2010-01-07,129.55
2010-01-08,130.85
2010-01-11,129.48
2010-01-12,130.51
2010-01-13,130.23
2010-01-14,132.31
2010-01-15,131.78
2010-01-19,134.14
2010-01-20,130.25
2010-01-21,129.0
2010-01-22,125.5
2010-01-25,126.12
2010-01-26,125.75
2010-01-27,126.33
2010-01-28,123.75
2010-01-29,122.39
2010-02-01,124.67
2010-02-02,125.53
2010-02-03,125.66
2010-02-04,123.0
2010-02-05,123.52
2010-02-08,121.88
2010-02-09,123.21
2010-02-10,122.81
2010-02-11,123.73
2010-02-12,124.0
2010-02-16,125.23
2010-02-17,126.33
2010-02-18,127.81
2010-02-19,127.19
2010-02-22,126.85
2010-02-23,126.46
2010-02-24,127.59
2010-02-25,127.07
2010-02-26,127.16
2010-03-01,128.57
2010-03-02,127.42
2010-03-03,126.88
2010-03-04,126.72
2010-03-05,127.25
2010-03-08,126.41
2010-03-09,125.55
2010-03-10,125.62
2010-03-11,127.6
2010-03-12,127.94
2010-03-15,127.83
2010-03-16,128.67
2010-03-17,127.76
2010-03-18,128.38
2010-03-19,127.71
2010-03-22,127.98
2010-03-23,129.37
2010-03-24,128.53
2010-03-25,129.24
2010-03-26,129.26
2010-03-29,128.59
2010-03-30,128.77
2010-03-31,128.25
2010-04-01,128.25
2010-04-05,129.35
2010-04-06,128.93
2010-04-07,128.48
2010-04-08,127.61
2010-04-09,128.76
2010-04-12,128.36
2010-04-13,129.03
2010-04-14,131.25
2010-04-15,130.89
2010-04-16,130.63
2010-04-19,132.23
2010-04-20,129.69
2010-04-21,128.99
2010-04-22,129.13
2010-04-23,129.99
2010-04-26,130.73
2010-04-27,128.82
2010-04-28,130.1
2010-04-29,130.46
2010-04-30,129.0
2010-05-03,129.6
2010-05-04,128.12
2010-05-05,127.46
2010-05-06,123.92
2010-05-07,122.1
2010-05-10,126.27
2010-05-11,126.89
2010-05-12,132.68
2010-05-13,131.48
2010-05-14,131.19
2010-05-17,130.44
2010-05-18,129.95
2010-05-19,128.86
2010-05-20,123.8
2010-05-21,125.42
2010-05-24,124.45
2010-05-25,124.52
2010-05-26,123.23
2010-05-27,126.39
2010-05-28,125.26
2010-06-01,124.34
2010-06-02,127.41
2010-06-03,127.96
2010-06-04,125.28
2010-06-07,124.13
2010-06-08,123.72
2010-06-09,123.9
2010-06-10,127.68
2010-06-11,128.45
2010-06-14,128.5
2010-06-15,129.79
2010-06-16,130.35
2010-06-17,130.98
2010-06-18,130.15
2010-06-21,130.65
2010-06-22,129.3
2010-06-23,130.11
2010-06-24,128.19
2010-06-25,127.12
2010-06-28,128.98
2010-06-29,125.09
2010-06-30,123.48
2010-07-01,122.57
2010-07-02,121.86
2010-07-06,123.46
2010-07-07,127.0
2010-07-08,127.97
2010-07-09,127.96
2010-07-12,128.67
2010-07-13,130.48
2010-07-14,130.72
2010-07-15,130.72
2010-07-16,128.03
2010-07-19,129.79
2010-07-20,126.55
2010-07-21,125.27
2010-07-22,127.47
2010-07-23,128.38
2010-07-26,128.41
2010-07-27,128.63
2010-07-28,128.43
2010-07-29,128.02
2010-07-30,128.4
2010-08-02,130.76
2010-08-03,130.37
2010-08-04,131.27
2010-08-05,131.83
2010-08-06,130.14
2010-08-09,132.0
2010-08-10,131.84
2010-08-11,129.83
2010-08-12,128.3
2010-08-13,127.87
2010-08-16,127.77
2010-08-17,128.45
2010-08-18,129.39
2010-08-19,128.9
2010-08-20,127.5
2010-08-23,126.47
2010-08-24,124.9
2010-08-25,125.27
2010-08-26,122.78
2010-08-27,124.73
2010-08-30,123.4
2010-08-31,123.13
2010-09-01,125.77
2010-09-02,125.04
2010-09-03,127.58
2010-09-07,125.95
2010-09-08,126.08
2010-09-09,126.36
2010-09-10,127.99
2010-09-13,129.61
2010-09-14,128.85
2010-09-15,129.43
2010-09-16,129.67
2010-09-17,130.19
2010-09-20,131.79
2010-09-21,131.98
2010-09-22,132.57
2010-09-23,131.67
2010-09-24,134.11
2010-09-27,134.65
2010-09-28,134.89
2010-09-29,135.48
2010-09-30,134.14
2010-10-01,135.64
2010-10-04,135.25
2010-10-05,137.66
2010-10-06,137.84
2010-10-07,138.72
2010-10-08,138.85
2010-10-11,139.66
2010-10-12,139.85
2010-10-13,140.37
2010-10-14,141.5
2010-10-15,141.06
2010-10-18,142.83
2010-10-19,138.03
2010-10-20,139.07
2010-10-21,139.83
2010-10-22,139.67
2010-10-25,139.84
2010-10-26,140.67
2010-10-27,141.43
2010-10-28,140.9
2010-10-29,143.6
2010-11-01,143.32
2010-11-02,143.84
2010-11-03,144.17
2010-11-04,146.79
2010-11-05,146.92
2010-11-08,146.46
2010-11-09,146.14
2010-11-10,146.55
2010-11-11,145.43
2010-11-12,143.74
2010-11-15,143.64
2010-11-16,142.24
2010-11-17,141.95
2010-11-18,144.36
2010-11-19,145.05
2010-11-22,145.39
2010-11-23,143.18
2010-11-24,145.81
2010-11-26,144.11
2010-11-29,142.89
2010-11-30,141.46
2010-12-01,144.41
2010-12-02,145.18
2010-12-03,145.38
2010-12-06,144.99
2010-12-07,144.02
2010-12-08,144.98
2010-12-09,144.3
2010-12-10,144.82
2010-12-13,144.28
2010-12-14,145.82
2010-12-15,144.72
2010-12-16,144.55
2010-12-17,145.0
2010-12-20,144.51
2010-12-21,145.74
2010-12-22,145.95
2010-12-23,145.89
2010-12-27,145.34
2010-12-28,145.71
2010-12-29,146.52
2010-12-30,146.67
2010-12-31,146.76
2011-01-03,147.48
2011-01-04,147.64
2011-01-05,147.05
2011-01-06,148.66
2011-01-07,147.93
2011-01-10,147.64
2011-01-11,147.28
2011-01-12,149.1
2011-01-13,148.82
2011-01-14,150.0
2011-01-18,150.65
2011-01-19,155.69
2011-01-20,155.8
2011-01-21,155.5
2011-01-24,159.63
2011-01-25,161.44
2011-01-26,161.04
2011-01-27,161.07
2011-01-28,159.21
2011-01-31,162.0
2011-02-01,163.56
2011-02-02,163.3
2011-02-03,163.53
2011-02-04,164.0
2011-02-07,164.82
2011-02-08,166.05
2011-02-09,164.65
2011-02-10,164.09
2011-02-11,163.85
2011-02-14,163.22
2011-02-15,162.84
2011-02-16,163.4
2011-02-17,164.24
2011-02-18,164.84
2011-02-22,161.95
2011-02-23,160.18
2011-02-24,160.77
2011-02-25,162.28
2011-02-28,161.88
2011-03-01,159.97
2011-03-02,160.16
2011-03-03,163.48
2011-03-04,161.83
2011-03-07,159.93
2011-03-08,162.28
2011-03-09,165.86
2011-03-10,162.02
2011-03-11,162.43
2011-03-14,161.39
2011-03-15,159.02
2011-03-16,153.0
2011-03-17,154.18
2011-03-18,155.89
2011-03-21,157.68
2011-03-22,158.0
2011-03-23,159.53
2011-03-24,160.04
2011-03-25,162.18
2011-03-28,161.37
2011-03-29,162.88
2011-03-30,163.6
2011-03-31,163.07
2011-04-01,164.27
2011-04-04,164.25
2011-04-05,163.99
2011-04-06,164.04
2011-04-07,164.38
2011-04-08,164.05
2011-04-11,163.95
2011-04-12,163.25
2011-04-13,163.95
2011-04-14,164.97
2011-04-15,166.21
2011-04-18,165.94
2011-04-19,165.4
2011-04-20,164.75
2011-04-21,168.28
2011-04-25,167.67
2011-04-26,168.49
2011-04-27,170.37
2011-04-28,170.78
2011-04-29,170.58
2011-05-02,172.15
2011-05-03,172.87
2011-05-04,170.62
2011-05-05,168.46
2011-05-06,168.89
2011-05-09,169.1
2011-05-10,170.38
2011-05-11,169.5
2011-05-12,172.24
2011-05-13,169.92
2011-05-16,168.86
2011-05-17,170.5
2011-05-18,170.44
2011-05-19,170.59
2011-05-20,170.16
2011-05-23,168.26
2011-05-24,167.99
2011-05-25,167.75
2011-05-26,167.18
2011-05-27,167.5
2011-05-31,168.93
2011-06-01,166.56
2011-06-02,166.09
2011-06-03,165.05
2011-06-06,164.75
2011-06-07,163.69
2011-06-08,164.34
2011-06-09,164.84
2011-06-10,163.18
2011-06-13,163.17
2011-06-14,164.12
2011-06-15,162.33
2011-06-16,162.67
2011-06-17,164.44
2011-06-20,165.02
2011-06-21,166.22
2011-06-22,165.68
2011-06-23,166.12
2011-06-24,165.07
2011-06-27,167.62
2011-06-28,170.01
2011-06-29,170.54
2011-06-30,171.55
2011-07-01,174.54
2011-07-05,175.43
2011-07-06,177.71
2011-07-07,176.48
2011-07-08,176.49
2011-07-11,174.99
2011-07-12,174.05
2011-07-13,174.32
2011-07-14,174.23
2011-07-15,175.54
2011-07-18,175.28
2011-07-19,185.21
2011-07-20,183.65
2011-07-21,184.9
2011-07-22,185.18
2011-07-25,183.7
2011-07-26,182.93
2011-07-27,181.35
2011-07-28,181.8
2011-07-29,181.85
2011-08-01,180.75
2011-08-02,178.05
2011-08-03,178.83
2011-08-04,171.48
2011-08-05,172.98
2011-08-08,166.22
2011-08-09,170.61
2011-08-10,162.54
2011-08-11,166.73
2011-08-12,168.2
2011-08-15,172.99
2011-08-16,171.24
2011-08-17,171.48
2011-08-18,163.83
2011-08-19,157.54
2011-08-22,158.98
2011-08-23,164.32
2011-08-24,166.76
2011-08-25,165.58
2011-08-26,169.14
2011-08-29,172.62
2011-08-30,172.51
2011-08-31,171.91
2011-09-01,170.33
2011-09-02,166.98
2011-09-06,165.11
2011-09-07,167.31
2011-09-08,165.25
2011-09-09,161.37
2011-09-12,162.42
2011-09-13,163.43
2011-09-14,167.24
2011-09-15,170.09
2011-09-16,172.99
2011-09-19,173.13
2011-09-20,174.72
2011-09-21,173.02
2011-09-22,168.62
2011-09-23,169.34
2011-09-26,174.51
2011-09-27,177.71
2011-09-28,177.55
2011-09-29,179.17
2011-09-30,174.87
2011-10-03,173.29
2011-10-04,174.74
2011-10-05,176.85
2011-10-06,181.69
2011-10-07,182.39
2011-10-10,186.62
2011-10-11,185.0
2011-10-12,186.12
2011-10-13,186.82
2011-10-14,190.53
2011-10-17,186.59
2011-10-18,178.9
2011-10-19,177.39
2011-10-20,177.25
2011-10-21,181.63
2011-10-24,182.25
2011-10-25,180.36
2011-10-26,181.97
2011-10-27,185.88
2011-10-28,187.45
2011-10-31,184.63
2011-11-01,181.35
2011-11-02,183.92
2011-11-03,187.3
2011-11-04,186.38
2011-11-07,187.32
2011-11-08,187.25
2011-11-09,182.24
2011-11-10,183.35
2011-11-11,187.38
2011-11-14,187.35
2011-11-15,188.75
2011-11-16,186.62
2011-11-17,185.73
2011-11-18,185.24
2011-11-21,181.48
2011-11-22,181.31
2011-11-23,177.95
2011-11-25,177.06
2011-11-28,182.21
2011-11-29,180.94
2011-11-30,188.0
2011-12-01,189.45
2011-12-02,189.66
2011-12-05,190.84
2011-12-06,192.94
2011-12-07,194.05
2011-12-08,191.58
2011-12-09,194.56
2011-12-12,192.18
2011-12-13,191.15
2011-12-14,188.72
2011-12-15,187.48
2011-12-16,183.57
2011-12-19,182.89
2011-12-20,187.24
2011-12-21,181.47
2011-12-22,182.04
2011-12-23,184.75
2011-12-27,184.95
2011-12-28,183.99
2011-12-29,186.18
2011-12-30,183.88
2012-01-03,186.3
2012-01-04,185.54
2012-01-05,184.66
2012-01-06,182.54
2012-01-09,181.59
2012-01-10,181.31
2012-01-11,182.32
2012-01-12,180.55
2012-01-13,179.16
2012-01-17,180.0
2012-01-18,181.07
2012-01-19,180.52
2012-01-20,188.52
2012-01-23,189.98
2012-01-24,191.93
2012-01-25,191.73
2012-01-26,190.98
2012-01-27,190.46
2012-01-30,192.5
2012-01-31,192.6
2012-02-01,192.62
2012-02-02,191.53
2012-02-03,193.64
2012-02-06,192.82
2012-02-07,193.35
2012-02-08,192.95
2012-02-09,193.13
2012-02-10,192.42
2012-02-13,192.62
2012-02-14,192.22
2012-02-15,192.25
2012-02-16,193.02
2012-02-17,193.42
2012-02-21,193.39
2012-02-22,193.87
2012-02-23,197.61
2012-02-24,197.76
2012-02-27,197.53
2012-02-28,197.98
2012-02-29,196.73
2012-03-01,197.53
2012-03-02,198.81
2012-03-05,200.66
2012-03-06,197.26
2012-03-07,197.77
2012-03-08,199.81
2012-03-09,200.62
2012-03-12,201.0
2012-03-13,203.78
2012-03-14,204.72
2012-03-15,206.0
2012-03-16,206.01
2012-03-19,205.72
2012-03-20,204.25
2012-03-21,204.69
2012-03-22,205.49
2012-03-23,205.48
2012-03-26,207.77
2012-03-27,207.18
2012-03-28,207.29
2012-03-29,208.27
2012-03-30,208.65
2012-04-02,209.47
2012-04-03,209.5
2012-04-04,206.05
2012-04-05,205.47
2012-04-09,204.94
2012-04-10,202.33
2012-04-11,202.58
2012-04-12,205.32
2012-04-13,202.8
2012-04-16,202.72
2012-04-17,207.45
2012-04-18,200.13
2012-04-19,199.51
2012-04-20,199.6
2012-04-23,198.62
2012-04-24,200.0
2012-04-25,203.57
2012-04-26,205.58
2012-04-27,206.81
2012-04-30,207.08
2012-05-01,208.0
2012-05-02,208.06
2012-05-03,207.24
2012-05-04,204.99
2012-05-07,203.75
2012-05-08,201.48
2012-05-09,201.23
2012-05-10,200.6
2012-05-11,201.17
2012-05-14,199.44
2012-05-15,199.04
2012-05-16,199.73
2012-05-17,197.89
2012-05-18,195.88
2012-05-21,197.76
2012-05-22,196.82
2012-05-23,196.12
2012-05-24,196.09
2012-05-25,194.3
2012-05-29,196.46
2012-05-30,194.53
2012-05-31,192.9
2012-06-01,189.08
2012-06-04,188.54
2012-06-05,189.2
2012-06-06,193.99
2012-06-07,194.44
2012-06-08,195.14
2012-06-11,192.51
2012-06-12,194.55
2012-06-13,193.1
2012-06-14,195.1
2012-06-15,199.1
2012-06-18,198.29
2012-06-19,198.93
2012-06-20,198.78
2012-06-21,193.39
2012-06-22,193.7
2012-06-25,192.86
2012-06-26,191.95
2012-06-27,193.0
2012-06-28,191.4
2012-06-29,195.58
2012-07-02,195.83
2012-07-03,195.93
2012-07-05,195.29
2012-07-06,191.41
2012-07-09,189.67
2012-07-10,186.26
2012-07-11,185.25
2012-07-12,183.09
2012-07-13,186.01
2012-07-16,184.79
2012-07-17,183.65
2012-07-18,188.25
2012-07-19,195.34
2012-07-20,192.45
2012-07-23,190.83
2012-07-24,190.34
2012-07-25,191.08
2012-07-26,193.95
2012-07-27,196.39
2012-07-30,196.68
2012-07-31,195.98
2012-08-01,195.18
2012-08-02,194.45
2012-08-03,198.52
2012-08-06,198.76
2012-08-07,199.93
2012-08-08,199.03
2012-08-09,198.42
2012-08-10,199.29
2012-08-13,199.01
2012-08-14,198.29
2012-08-15,198.4
2012-08-16,200.84
2012-08-17,201.22
2012-08-20,200.5
2012-08-21,198.65
2012-08-22,197.25
2012-08-23,195.7
2012-08-24,197.77
2012-08-27,195.69
2012-08-28,194.87
2012-08-29,195.08
2012-08-30,193.37
2012-08-31,194.85
2012-09-04,194.54
2012-09-05,195.04
2012-09-06,199.1
2012-09-07,199.5
2012-09-10,200.95
2012-09-11,203.27
2012-09-12,203.77
2012-09-13,206.36
2012-09-14,206.81
2012-09-17,207.15
2012-09-18,207.07
2012-09-19,206.43
2012-09-20,206.18
2012-09-21,205.98
2012-09-24,205.29
2012-09-25,204.98
2012-09-26,204.0
2012-09-27,205.91
2012-09-28,207.45
2012-10-01,210.47
2012-10-02,209.84
2012-10-03,210.51
2012-10-04,210.39
2012-10-05,210.59
2012-10-08,209.82
2012-10-09,207.99
2012-10-10,205.82
2012-10-11,205.76
2012-10-12,207.8
2012-10-15,208.93
2012-10-16,211.0
2012-10-17,200.63
2012-10-18,194.96
2012-10-19,193.36
2012-10-22,194.4
2012-10-23,191.25
2012-10-24,190.72
2012-10-25,191.6
2012-10-26,193.27
2012-10-31,194.53
2012-11-01,197.15
2012-11-02,193.43
2012-11-05,194.14
2012-11-06,195.07
2012-11-07,191.16
2012-11-08,190.1
2012-11-09,189.64
2012-11-12,189.25
2012-11-13,188.32
2012-11-14,185.51
2012-11-15,185.85
2012-11-16,186.94
2012-11-19,190.35
2012-11-20,189.2
2012-11-21,190.29
2012-11-23,193.49
2012-11-26,192.88
2012-11-27,191.23
2012-11-28,191.98
2012-11-29,191.53
2012-11-30,190.07
2012-12-03,189.48
2012-12-04,189.36
2012-12-05,188.65
2012-12-06,189.7
2012-12-07,191.95
2012-12-10,192.62
2012-12-11,194.2
2012-12-12,192.95
2012-12-13,191.99
2012-12-14,191.76
2012-12-17,193.62
2012-12-18,195.69
2012-12-19,195.08
2012-12-20,194.77
2012-12-21,193.42
2012-12-24,192.4
2012-12-26,191.95
2012-12-27,192.71
2012-12-28,189.83
2012-12-31,191.55
2013-01-02,196.35
2013-01-03,195.27
2013-01-04,193.99
2013-01-07,193.14
2013-01-08,192.87
2013-01-09,192.32
2013-01-10,192.88
2013-01-11,194.45
2013-01-14,192.62
2013-01-15,192.5
2013-01-16,192.59
2013-01-17,193.65
2013-01-18,194.47
2013-01-22,196.08
2013-01-23,204.72
2013-01-24,204.42
2013-01-25,204.97
2013-01-28,204.93
2013-01-29,203.9
2013-01-30,203.52
2013-01-31,203.07
2013-02-01,205.18
2013-02-04,203.79
2013-02-05,202.79
2013-02-06,201.02
2013-02-07,199.74
2013-02-08,201.68
2013-02-11,200.16
2013-02-12,200.04
2013-02-13,200.09
2013-02-14,199.65
2013-02-15,200.98
2013-02-19,200.32
2013-02-20,199.31
2013-02-21,198.33
2013-02-22,201.09
2013-02-25,197.51
2013-02-26,199.14
2013-02-27,202.33
2013-02-28,200.83
2013-03-01,202.91
2013-03-04,205.19
2013-03-05,206.53
2013-03-06,208.38
2013-03-07,209.42
2013-03-08,210.38
2013-03-11,210.08
2013-03-12,210.55
2013-03-13,212.06
2013-03-14,215.8
2013-03-15,214.92
2013-03-18,213.21
2013-03-19,213.44
2013-03-20,215.06
2013-03-21,212.26
2013-03-22,212.08
2013-03-25,210.74
2013-03-26,212.36
2013-03-27,210.89
2013-03-28,213.3
2013-04-01,212.38
2013-04-02,214.36
2013-04-03,212.66
2013-04-04,211.31
2013-04-05,209.41
2013-04-08,209.32
2013-04-09,209.22
2013-04-10,212.0
2013-04-11,212.92
2013-04-12,211.38
2013-04-15,209.26
2013-04-16,212.0
2013-04-17,209.67
2013-04-18,207.15
2013-04-19,190.0
2013-04-22,187.83
2013-04-23,191.61
2013-04-24,191.71
2013-04-25,193.95
2013-04-26,194.31
2013-04-29,199.15
2013-04-30,202.54
2013-05-01,199.63
2013-05-02,202.39
2013-05-03,204.51
2013-05-06,202.78
2013-05-07,203.63
2013-05-08,204.82
2013-05-09,203.24
2013-05-10,204.47
2013-05-13,202.47
2013-05-14,203.21
2013-05-15,203.32
2013-05-16,204.69
2013-05-17,208.44
2013-05-20,207.6
2013-05-21,208.65
2013-05-22,206.99
2013-05-23,206.16
2013-05-24,205.72
2013-05-28,207.78
2013-05-29,207.92
2013-05-30,209.36
2013-05-31,208.02
2013-06-03,208.95
2013-06-04,206.19
2013-06-05,202.74
2013-06-06,203.8
2013-06-07,206.35
2013-06-10,205.02
2013-06-11,203.98
2013-06-12,201.2
2013-06-13,203.77
2013-06-14,202.2
2013-06-17,203.04
2013-06-18,204.87
2013-06-19,201.94
2013-06-20,197.35
2013-06-21,195.46
2013-06-24,193.54
2013-06-25,194.98
2013-06-26,194.86
2013-06-27,195.65
2013-06-28,191.11
2013-07-01,191.28
2013-07-02,191.5
2013-07-03,193.25
2013-07-05,194.93
2013-07-08,194.98
2013-07-09,191.3
2013-07-10,192.25
2013-07-11,192.8
2013-07-12,192.07
2013-07-15,194.0
2013-07-16,193.85
2013-07-17,194.55
2013-07-18,197.99
2013-07-19,193.54
2013-07-22,194.09
2013-07-23,194.98
2013-07-24,196.61
2013-07-25,197.22
2013-07-26,197.35
2013-07-29,196.21
2013-07-30,196.01
2013-07-31,195.04
2013-08-01,195.81
2013-08-02,195.16
2013-08-05,195.5
2013-08-06,190.99
2013-08-07,188.56
2013-08-08,187.93
2013-08-09,187.82
2013-08-12,189.09
2013-08-13,188.42
2013-08-14,187.53
2013-08-15,185.79
2013-08-16,185.34
2013-08-19,184.23
2013-08-20,184.56
2013-08-21,184.86
2013-08-22,185.19
2013-08-23,185.42
2013-08-26,184.74
2013-08-27,182.74
2013-08-28,182.16
2013-08-29,182.64
2013-08-30,182.27
2013-09-03,183.96
2013-09-04,183.13
2013-09-05,184.15
2013-09-06,183.03
2013-09-09,184.98
2013-09-10,186.6
2013-09-11,190.7
2013-09-12,190.73
2013-09-13,192.17
2013-09-16,193.15
2013-09-17,192.16
2013-09-18,194.42
2013-09-19,193.39
2013-09-20,190.02
2013-09-23,190.99
2013-09-24,189.97
2013-09-25,189.47
2013-09-26,190.22
2013-09-27,186.92
2013-09-30,185.18
2013-10-01,186.38
2013-10-02,184.96
2013-10-03,183.86
2013-10-04,184.1
2013-10-07,182.01
2013-10-08,178.72
2013-10-09,181.32
2013-10-10,184.77
2013-10-11,186.16
2013-10-14,186.97
2013-10-15,184.66
2013-10-16,186.73
2013-10-17,174.83
2013-10-18,173.78
2013-10-21,172.86
2013-10-22,174.97
2013-10-23,175.77
2013-10-24,177.8
2013-10-25,176.85
2013-10-28,177.35
2013-10-29,182.12
2013-10-30,180.15
2013-10-31,179.21
2013-11-01,179.23
2013-11-04,180.27
2013-11-05,177.85
2013-11-06,179.19
2013-11-07,180.0
2013-11-08,179.99
2013-11-11,182.88
2013-11-12,183.07
2013-11-13,183.55
2013-11-14,182.21
2013-11-15,183.19
2013-11-18,184.47
2013-11-19,185.25
2013-11-20,185.19
2013-11-21,184.13
2013-11-22,181.3
2013-11-25,178.94
2013-11-26,177.31
2013-11-27,178.97
2013-11-29,179.68
2013-12-02,177.48
2013-12-03,176.08
2013-12-04,175.74
2013-12-05,176.08
2013-12-06,177.67
2013-12-09,177.46
2013-12-10,177.12
2013-12-11,175.2
2013-12-12,173.37
2013-12-13,172.8
2013-12-16,177.85
2013-12-17,175.76
2013-12-18,178.7
2013-12-19,180.22
2013-12-20,180.02
2013-12-23,182.23
2013-12-24,183.22
2013-12-26,185.35
2013-12-27,185.08
2013-12-30,186.41
2013-12-31,187.57
2014-01-02,185.53
2014-01-03,186.64
2014-01-06,186.0
2014-01-07,189.71
2014-01-08,187.97
2014-01-09,187.38
2014-01-10,187.26
2014-01-13,184.16
2014-01-14,185.92
2014-01-15,187.74
2014-01-16,188.76
2014-01-17,190.09
2014-01-21,188.43
2014-01-22,182.25
2014-01-23,182.73
2014-01-24,179.64
2014-01-27,177.9
2014-01-28,176.85
2014-01-29,176.4
2014-01-30,177.36
2014-01-31,176.68
2014-02-03,172.9
2014-02-04,172.84
2014-02-05,174.24
2014-02-06,174.67
2014-02-07,177.25
2014-02-10,177.14
2014-02-11,179.7
2014-02-12,180.24
2014-02-13,181.84
2014-02-14,183.69
2014-02-18,183.19
2014-02-19,182.95
2014-02-20,184.26
2014-02-21,182.79
2014-02-24,183.45
2014-02-25,183.23
2014-02-26,184.06
2014-02-27,185.27
2014-02-28,185.17
2014-03-03,184.26
2014-03-04,186.44
2014-03-05,187.14
2014-03-06,187.64
2014-03-07,187.68
2014-03-10,186.39
2014-03-11,186.76
2014-03-12,186.22
2014-03-13,183.9
2014-03-14,182.21
2014-03-17,185.81
2014-03-18,186.81
2014-03-19,184.71
2014-03-20,187.9
2014-03-21,186.67
2014-03-24,188.25
2014-03-25,195.04
2014-03-26,192.62
2014-03-27,189.83
2014-03-28,190.45
2014-03-31,192.49
2014-04-01,194.5
2014-04-02,193.55
2014-04-03,192.69
2014-04-04,191.77
2014-04-07,194.52
2014-04-08,193.29
2014-04-09,196.64
2014-04-10,195.68
2014-04-11,195.19
2014-04-14,197.77
2014-04-15,197.02
2014-04-16,196.4
2014-04-17,190.01
2014-04-21,192.27
2014-04-22,192.15
2014-04-23,191.73
2014-04-24,190.22
2014-04-25,189.63
2014-04-28,193.14
2014-04-29,195.11
2014-04-30,196.47
2014-05-01,193.53
2014-05-02,191.44
2014-05-05,191.26
2014-05-06,190.03
2014-05-07,189.3
2014-05-08,188.91
2014-05-09,190.08
2014-05-12,192.57
2014-05-13,192.19
2014-05-14,188.72
2014-05-15,186.46
2014-05-16,187.06
2014-05-19,187.0
2014-05-20,184.89
2014-05-21,186.39
2014-05-22,185.68
2014-05-23,185.94
2014-05-27,184.78
2014-05-28,183.08
2014-05-29,183.76
2014-05-30,184.36
2014-06-02,185.69
2014-06-03,184.37
2014-06-04,184.51
2014-06-05,185.98
2014-06-06,186.37
2014-06-09,186.22
2014-06-10,184.29
2014-06-11,182.25
2014-06-12,181.22
2014-06-13,182.56
2014-06-16,182.35
2014-06-17,182.26
2014-06-18,183.6
2014-06-19,182.82
2014-06-20,181.55
2014-06-23,182.14
2014-06-24,180.88
2014-06-25,180.72
2014-06-26,180.37
2014-06-27,181.71
2014-06-30,181.27
2014-07-01,186.35
2014-07-02,188.39
2014-07-03,188.53
2014-07-07,188.04
2014-07-08,187.22
2014-07-09,188.42
2014-07-10,187.7
2014-07-11,188.0
2014-07-14,189.86
2014-07-15,188.49
2014-07-16,192.36
2014-07-17,192.49
2014-07-18,192.5
2014-07-21,190.85
2014-07-22,194.09
2014-07-23,193.63
2014-07-24,195.24
2014-07-25,194.4
2014-07-28,195.78
2014-07-29,194.57
2014-07-30,194.0
2014-07-31,191.67
2014-08-01,189.15
2014-08-04,189.64
2014-08-05,187.1
2014-08-06,185.97
2014-08-07,184.3
2014-08-08,186.63
2014-08-11,187.47
2014-08-12,187.34
2014-08-13,187.95
2014-08-14,187.88
2014-08-15,187.38
2014-08-18,189.36
2014-08-19,190.07
2014-08-20,190.1
2014-08-21,191.23
2014-08-22,190.41
2014-08-25,191.16
2014-08-26,192.99
2014-08-27,192.25
2014-08-28,192.0
2014-08-29,192.3
2014-09-02,191.56
2014-09-03,191.95
2014-09-04,190.68
2014-09-05,191.2
2014-09-08,190.14
2014-09-09,189.99
2014-09-10,191.54
2014-09-11,191.72
2014-09-12,191.28
2014-09-15,191.81
2014-09-16,192.96
2014-09-17,192.8
2014-09-18,193.75
2014-09-19,194.0
2014-09-22,193.11
2014-09-23,191.62
2014-09-24,192.31
2014-09-25,189.01
2014-09-26,190.06
2014-09-29,189.64
2014-09-30,189.83
2014-10-01,187.17
2014-10-02,186.91
2014-10-03,188.67
2014-10-06,189.04
2014-10-07,185.71
2014-10-08,189.36
2014-10-09,186.42
2014-10-10,185.93
2014-10-13,183.52
2014-10-14,183.8
2014-10-15,181.75
2014-10-16,179.84
2014-10-17,182.05
2014-10-20,169.1
2014-10-21,163.23
2014-10-22,161.79
2014-10-23,162.18
2014-10-24,162.08
2014-10-27,161.87
2014-10-28,163.6
2014-10-29,163.46
2014-10-30,164.35
2014-10-31,164.4
2014-11-03,164.36
2014-11-04,162.65
2014-11-05,161.82
2014-11-06,161.46
2014-11-07,162.07
2014-11-10,163.49
2014-11-11,163.3
2014-11-12,161.92
2014-11-13,162.79
2014-11-14,164.16
2014-11-17,164.16
2014-11-18,161.89
2014-11-19,161.43
2014-11-20,160.64
2014-11-21,160.92
2014-11-24,162.15
2014-11-25,161.76
2014-11-26,161.95
2014-11-28,162.17
2014-12-01,161.54
2014-12-02,162.67
2014-12-03,164.52
2014-12-04,164.05
2014-12-05,163.27
2014-12-08,161.86
2014-12-09,162.99
2014-12-10,160.51
2014-12-11,161.07
2014-12-12,155.38
2014-12-15,153.06
2014-12-16,151.41
2014-12-17,151.93
2014-12-18,157.68
2014-12-19,158.51
2014-12-22,161.44
2014-12-23,162.24
2014-12-24,161.82
2014-12-26,162.34
2014-12-29,160.51
2014-12-30,160.05
2014-12-31,160.44
2015-01-02,162.06
2015-01-05,159.51
2015-01-06,156.07
2015-01-07,155.05
2015-01-08,158.42
2015-01-09,159.11
2015-01-12,156.44
2015-01-13,156.81
2015-01-14,155.8
2015-01-15,154.57
2015-01-16,157.14
2015-01-20,156.95
2015-01-21,152.09
2015-01-22,155.39
2015-01-23,155.87
2015-01-26,156.36
2015-01-27,153.67
2015-01-28,151.55
2015-01-29,155.48
2015-01-30,153.31
2015-02-02,154.66
2015-02-03,158.47
2015-02-04,156.96
2015-02-05,157.91
2015-02-06,156.72
2015-02-09,155.75
2015-02-10,158.56
2015-02-11,158.2
2015-02-12,158.52
2015-02-13,160.4
2015-02-17,160.96
2015-02-18,162.19
2015-02-19,163.89
2015-02-20,163.65
2015-02-23,162.91
2015-02-24,164.83
2015-02-25,162.81
2015-02-26,160.87
2015-02-27,161.94
2015-03-02,160.48
2015-03-03,161.03
2015-03-04,159.42
2015-03-05,161.18
2015-03-06,158.5
2015-03-09,160.77
2015-03-10,157.81
2015-03-11,156.8
2015-03-12,157.98
2015-03-13,154.28
2015-03-16,157.08
2015-03-17,156.96
2015-03-18,159.81
2015-03-19,159.81
2015-03-20,162.88
2015-03-23,164.63
2015-03-24,163.0
2015-03-25,159.2
2015-03-26,160.59
2015-03-27,160.4
2015-03-30,162.67
2015-03-31,160.5
2015-04-01,159.18
2015-04-02,160.45
2015-04-06,162.04
2015-04-07,162.07
2015-04-08,161.85
2015-04-09,162.34
2015-04-10,162.86
2015-04-13,162.38
2015-04-14,162.3
2015-04-15,164.13
2015-04-16,163.13
2015-04-17,160.67
2015-04-20,166.16
2015-04-21,164.26
2015-04-22,165.36
2015-04-23,170.24
2015-04-24,169.78
2015-04-27,170.73
2015-04-28,173.92
2015-04-29,174.4
2015-04-30,171.29
2015-05-01,173.67
2015-05-04,173.97
2015-05-05,173.08
2015-05-06,170.05
2015-05-07,170.99
2015-05-08,172.68
2015-05-11,171.12
2015-05-12,170.55
2015-05-13,172.28
2015-05-14,174.05
2015-05-15,173.26
2015-05-18,173.06
2015-05-19,173.48
2015-05-20,173.76
2015-05-21,173.34
2015-05-22,172.22
2015-05-26,170.13
2015-05-27,172.0
2015-05-28,171.71
2015-05-29,169.65
2015-06-01,170.18
2015-06-02,169.65
2015-06-03,169.92
2015-06-04,168.38
2015-06-05,167.4
2015-06-08,165.34
2015-06-09,165.68
2015-06-10,168.92
2015-06-11,168.78
2015-06-12,166.99
2015-06-15,166.26
2015-06-16,166.84
2015-06-17,167.17
2015-06-18,168.25
2015-06-19,166.99
2015-06-22,167.73
2015-06-23,168.62
2015-06-24,166.97
2015-06-25,166.08
2015-06-26,165.46
2015-06-29,162.97
2015-06-30,162.66
2015-07-01,164.49
2015-07-02,165.09
2015-07-06,164.73
2015-07-07,165.0
2015-07-08,163.16
2015-07-09,163.85
2015-07-10,166.95
2015-07-13,169.38
2015-07-14,168.61
2015-07-15,168.53
2015-07-16,171.0
2015-07-17,172.51
2015-07-20,173.22
2015-07-21,163.07
2015-07-22,160.35
2015-07-23,161.73
2015-07-24,159.75
2015-07-27,159.07
2015-07-28,160.05
2015-07-29,161.09
2015-07-30,160.96
2015-07-31,161.99
2015-08-03,158.71
2015-08-04,157.6
2015-08-05,157.9
2015-08-06,156.32
2015-08-07,155.12
2015-08-10,156.75
2015-08-11,155.51
2015-08-12,156.16
2015-08-13,155.07
2015-08-14,155.75
2015-08-17,156.31
2015-08-18,156.01
2015-08-19,153.94
2015-08-20,152.66
2015-08-21,148.85
2015-08-24,143.47
2015-08-25,140.96
2015-08-26,146.7
2015-08-27,148.54
2015-08-28,147.98
2015-08-31,147.89
2015-09-01,142.68
2015-09-02,145.05
2015-09-03,146.78
2015-09-04,143.7
2015-09-08,147.23
2015-09-09,145.05
2015-09-10,146.2
2015-09-11,147.37
2015-09-14,145.65
2015-09-15,147.53
2015-09-16,148.41
2015-09-17,148.14
2015-09-18,144.51
2015-09-21,146.48
2015-09-22,144.43
2015-09-23,143.66
2015-09-24,144.41
2015-09-25,145.42
2015-09-28,142.52
2015-09-29,142.47
2015-09-30,144.97
2015-10-01,143.59
2015-10-02,144.58
2015-10-05,149.04
2015-10-06,148.78
2015-10-07,150.09
2015-10-08,152.28
2015-10-09,152.39
2015-10-12,151.14
2015-10-13,149.62
2015-10-14,150.01
2015-10-15,150.09
2015-10-16,150.39
2015-10-19,149.22
2015-10-20,140.64
2015-10-21,140.92
2015-10-22,144.09
2015-10-23,144.68
2015-10-26,143.66
2015-10-27,137.86
2015-10-28,140.83
2015-10-29,140.55
2015-10-30,140.08
2015-11-02,140.37
2015-11-03,141.88
2015-11-04,141.63
2015-11-05,139.89
2015-11-06,138.25
2015-11-09,135.31
2015-11-10,135.47
2015-11-11,135.02
2015-11-12,133.04
2015-11-13,131.75
2015-11-16,133.71
2015-11-17,133.82
2015-11-18,135.82
2015-11-19,136.74
2015-11-20,138.5
2015-11-23,138.46
2015-11-24,138.6
2015-11-25,138.0
2015-11-27,138.46
2015-11-30,139.42
2015-12-01,141.28
2015-12-02,139.7
2015-12-03,138.92
2015-12-04,140.43
2015-12-07,139.55
2015-12-08,138.05
2015-12-09,136.61
2015-12-10,136.78
2015-12-11,134.57
2015-12-14,135.93
2015-12-15,137.79
2015-12-16,139.29
2015-12-17,136.75
2015-12-18,134.9
2015-12-21,135.5
2015-12-22,137.93
2015-12-23,138.54
2015-12-24,138.25
2015-12-28,137.61
2015-12-29,139.78
2015-12-30,139.34
2015-12-31,137.62
2016-01-04,135.95
2016-01-05,135.85
2016-01-06,135.17
2016-01-07,132.86
2016-01-08,131.63
2016-01-11,133.23
2016-01-12,132.9
2016-01-13,131.17
2016-01-14,132.91
2016-01-15,130.03
2016-01-19,128.11
2016-01-20,121.86
2016-01-21,122.91
2016-01-22,122.5
2016-01-25,122.08
2016-01-26,122.59
2016-01-27,120.96
2016-01-28,122.22
2016-01-29,124.79
2016-02-01,124.83
2016-02-02,122.94
2016-02-03,124.72
2016-02-04,127.65
2016-02-05,128.57
2016-02-08,126.98
2016-02-09,124.07
2016-02-10,120.19
2016-02-11,117.85
2016-02-12,121.04
2016-02-16,122.74
2016-02-17,126.1
2016-02-18,132.45
2016-02-19,133.08
2016-02-22,133.77
2016-02-23,132.4
2016-02-24,132.8
2016-02-25,134.5
2016-02-26,132.03
2016-02-29,131.03
2016-03-01,134.37
2016-03-02,136.3
2016-03-03,137.8
2016-03-04,137.8
2016-03-07,140.15
2016-03-08,139.07
2016-03-09,140.41
2016-03-10,140.19
2016-03-11,142.36
2016-03-14,142.78
2016-03-15,142.96
2016-03-16,144.79
2016-03-17,147.04
2016-03-18,147.09
2016-03-21,148.63
2016-03-22,148.1
2016-03-23,145.4
2016-03-24,147.95
2016-03-28,148.4
2016-03-29,149.33
2016-03-30,148.41
2016-03-31,151.45
2016-04-01,152.52
2016-04-04,152.07
2016-04-05,150.0
2016-04-06,150.02
2016-04-07,148.25
2016-04-08,149.35
2016-04-11,149.25
2016-04-12,149.63
2016-04-13,151.23
2016-04-14,151.16
2016-04-15,151.72
2016-04-18,152.53
2016-04-19,144.0
2016-04-20,146.11
2016-04-21,149.3
2016-04-22,148.5
2016-04-25,148.81
2016-04-26,149.08
2016-04-27,150.47
2016-04-28,147.07
2016-04-29,145.94
2016-05-02,145.27
2016-05-03,144.13
2016-05-04,144.25
2016-05-05,146.47
2016-05-06,147.29
2016-05-09,147.34
2016-05-10,149.97
2016-05-11,148.95
2016-05-12,148.84
2016-05-13,147.72
2016-05-16,149.46
2016-05-17,148.0
2016-05-18,147.34
2016-05-19,144.93
2016-05-20,147.25
2016-05-23,146.77
2016-05-24,148.31
2016-05-25,151.69
2016-05-26,152.44
2016-05-27,152.84
2016-05-31,153.74
2016-06-01,152.51
2016-06-02,153.5
2016-06-03,152.89
2016-06-06,152.73
2016-06-07,153.33
2016-06-08,154.0
2016-06-09,153.42
2016-06-10,152.37
2016-06-13,151.28
2016-06-14,151.06
2016-06-15,150.68
2016-06-16,151.06
2016-06-17,151.99
2016-06-20,153.61
2016-06-21,154.05
2016-06-22,152.92
2016-06-23,155.35
2016-06-24,146.59
2016-06-27,143.5
2016-06-28,145.7
2016-06-29,148.46
2016-06-30,151.78
2016-07-01,152.35
2016-07-05,151.68
2016-07-06,152.37
2016-07-07,152.6
2016-07-08,154.46
2016-07-11,155.33
2016-07-12,157.04
2016-07-13,158.02
2016-07-14,160.28
2016-07-15,159.78
2016-07-18,159.86
2016-07-19,159.58
2016-07-20,161.36
2016-07-21,160.45
2016-07-22,162.07
2016-07-25,162.65
2016-07-26,162.12
2016-07-27,161.83
2016-07-28,161.37
2016-07-29,160.62
2016-08-01,161.45
2016-08-02,160.58
2016-08-03,160.67
2016-08-04,161.55
2016-08-05,163.5
2016-08-08,162.04
2016-08-09,161.77
2016-08-10,162.08
2016-08-11,163.53
2016-08-12,161.95
2016-08-15,161.88
2016-08-16,160.7
2016-08-17,160.44
2016-08-18,161.36
2016-08-19,160.04
2016-08-22,160.0
2016-08-23,160.26
2016-08-24,159.05
2016-08-25,158.63
2016-08-26,158.32
2016-08-29,159.72
2016-08-30,159.4
2016-08-31,158.88
2016-09-01,159.54
2016-09-02,159.55
2016-09-06,160.35
2016-09-07,161.64
2016-09-08,159.0
2016-09-09,155.69
2016-09-12,158.29
2016-09-13,155.81
2016-09-14,154.05
2016-09-15,155.66
2016-09-16,153.84
2016-09-19,154.87
2016-09-20,154.45
2016-09-21,155.53
2016-09-22,156.11
2016-09-23,154.98
2016-09-26,153.98
2016-09-27,156.77
2016-09-28,158.29
2016-09-29,158.11
2016-09-30,158.85
2016-10-03,157.61
2016-10-04,156.46
2016-10-05,157.08
2016-10-06,156.88
2016-10-07,155.67
2016-10-10,157.02
2016-10-11,154.79
2016-10-12,154.29
2016-10-13,153.72
2016-10-14,154.45
2016-10-17,154.77
2016-10-18,150.72
2016-10-19,151.26
2016-10-20,151.52
2016-10-21,149.63
2016-10-24,150.57
2016-10-25,150.88
2016-10-26,151.81
2016-10-27,153.35
2016-10-28,152.61
2016-10-31,153.69
2016-11-01,152.79
2016-11-02,151.95
2016-11-03,152.37
2016-11-04,152.43
2016-11-07,155.72
2016-11-08,155.17
2016-11-09,154.81
2016-11-10,160.22
2016-11-11,161.27
2016-11-14,158.21
2016-11-15,158.67
2016-11-16,159.29
2016-11-17,159.8
2016-11-18,160.39
2016-11-21,162.77
2016-11-22,162.67
2016-11-23,161.98
2016-11-25,163.14
2016-11-28,164.52
2016-11-29,163.53
2016-11-30,162.22
2016-12-01,159.82
2016-12-02,160.02
2016-12-05,159.84
2016-12-06,160.35
2016-12-07,164.79
2016-12-08,165.36
2016-12-09,166.52
2016-12-12,165.5
2016-12-13,168.29
2016-12-14,168.51
2016-12-15,168.02
2016-12-16,166.73
2016-12-19,166.68
2016-12-20,167.6
2016-12-21,167.33
2016-12-22,167.06
2016-12-23,166.71
2016-12-27,167.14
2016-12-28,166.19
2016-12-29,166.6
2016-12-30,165.99
2017-01-03,167.19
2017-01-04,169.26
2017-01-05,168.7
2017-01-06,169.53
2017-01-09,167.65
2017-01-10,165.52
2017-01-11,167.75
2017-01-12,167.95
2017-01-13,167.34
2017-01-17,167.89
2017-01-18,166.8
2017-01-19,166.81
2017-01-20,170.55
2017-01-23,171.03
2017-01-24,175.9
2017-01-25,178.29
2017-01-26,178.66
2017-01-27,177.3
2017-01-30,175.8
2017-01-31,174.52
2017-02-01,174.29
2017-02-02,174.58
2017-02-03,175.82
2017-02-06,175.86
2017-02-07,178.46
2017-02-08,176.17
2017-02-09,177.21
2017-02-10,178.68
2017-02-13,179.36
2017-02-14,180.13
2017-02-15,181.68
2017-02-16,181.43
2017-02-17,180.67
2017-02-21,180.26
2017-02-22,181.15
2017-02-23,181.65
2017-02-24,181.35
2017-02-27,179.4
2017-02-28,179.82
2017-03-01,181.95
2017-03-02,180.53
2017-03-03,180.05
2017-03-06,180.47
2017-03-07,180.38
2017-03-08,179.45
2017-03-09,177.18
2017-03-10,177.83
2017-03-13,176.46
2017-03-14,175.72
2017-03-15,175.81
2017-03-16,177.24
2017-03-17,175.65
2017-03-20,175.7
2017-03-21,173.88
2017-03-22,174.78
2017-03-23,174.82
2017-03-24,173.83
2017-03-27,173.77
2017-03-28,174.51
2017-03-29,173.94
2017-03-30,173.86
2017-03-31,174.14
2017-04-03,174.5
2017-04-04,174.52
2017-04-05,172.88
2017-04-06,172.45
2017-04-07,172.14
2017-04-10,171.2
2017-04-11,170.58
2017-04-12,170.66
2017-04-13,169.53
2017-04-17,171.1
2017-04-18,170.05
2017-04-19,161.69
2017-04-20,162.3
2017-04-21,160.38
2017-04-24,160.75
2017-04-25,160.39
2017-04-26,160.06
2017-04-27,160.32
2017-04-28,160.29
2017-05-01,158.84
2017-05-02,159.1
2017-05-03,158.63
2017-05-04,159.05
2017-05-05,155.05
2017-05-08,153.03
2017-05-09,152.11
2017-05-10,151.25
2017-05-11,150.65
2017-05-12,150.37
2017-05-15,151.51
2017-05-16,153.68
2017-05-17,150.93
2017-05-18,150.78
2017-05-19,151.98
2017-05-22,152.64
2017-05-23,152.03
2017-05-24,152.51
2017-05-25,153.2
2017-05-26,152.49
2017-05-30,151.73
2017-05-31,152.63
2017-06-01,152.67
2017-06-02,152.05
2017-06-05,152.41
2017-06-06,152.37
2017-06-07,150.98
2017-06-08,152.1
2017-06-09,154.1
2017-06-12,155.18
2017-06-13,154.25
2017-06-14,153.81
2017-06-15,154.22
2017-06-16,155.38
2017-06-19,154.84
2017-06-20,154.95
2017-06-21,153.79
2017-06-22,154.4
2017-06-23,154.11
2017-06-26,155.23
2017-06-27,154.75
2017-06-28,155.32
2017-06-29,154.13
2017-06-30,153.83
2017-07-03,155.58
2017-07-05,153.67
2017-07-06,152.36
2017-07-07,152.94
2017-07-10,153.42
2017-07-11,153.19
2017-07-12,153.7
2017-07-13,153.63
2017-07-14,154.24
2017-07-17,153.01
2017-07-18,154.0
2017-07-19,147.53
2017-07-20,147.66
2017-07-21,147.08
2017-07-24,145.99
2017-07-25,146.19
2017-07-26,145.36
2017-07-27,145.07
2017-07-28,144.29
2017-07-31,144.67
2017-08-01,145.3
2017-08-02,144.45
2017-08-03,144.94
2017-08-04,145.16
2017-08-07,143.47
2017-08-08,142.11
2017-08-09,141.77
2017-08-10,141.84
2017-08-11,141.84
2017-08-14,142.32
2017-08-15,142.07
2017-08-16,142.5
2017-08-17,140.7
2017-08-18,139.7
2017-08-21,140.33
2017-08-22,141.01
2017-08-23,142.14
2017-08-24,142.94
2017-08-25,143.74
2017-08-28,142.51
2017-08-29,143.14
2017-08-30,142.56
2017-08-31,143.03
2017-09-01,144.08
2017-09-05,143.04
2017-09-06,143.82
2017-09-07,142.9
2017-09-08,142.45
2017-09-11,144.86
2017-09-12,145.76
2017-09-13,145.99
2017-09-14,145.54
2017-09-15,144.82
2017-09-18,144.55
2017-09-19,144.39
2017-09-20,145.88
2017-09-21,145.26
2017-09-22,145.13
2017-09-25,145.87
2017-09-26,146.56
2017-09-27,145.66
2017-09-28,145.66
2017-09-29,145.08
2017-10-02,146.66
2017-10-03,146.78
2017-10-04,146.48
2017-10-05,146.72
2017-10-06,146.48
2017-10-09,147.39
2017-10-10,148.5
2017-10-11,147.62
2017-10-12,147.03
2017-10-13,147.1
2017-10-16,146.83
2017-10-17,146.54
2017-10-18,159.53
2017-10-19,160.9
2017-10-20,162.07
2017-10-23,159.55
2017-10-24,155.88
2017-10-25,153.5
2017-10-26,153.6
2017-10-27,153.68
2017-10-30,154.36
2017-10-31,154.06
2017-11-01,154.03
2017-11-02,153.35
2017-11-03,151.58
2017-11-06,150.84
2017-11-07,151.35
2017-11-08,151.57
2017-11-09,150.3
2017-11-10,149.16
2017-11-13,148.4
2017-11-14,148.89
2017-11-15,147.1
2017-11-16,149.12
2017-11-17,148.97
2017-11-20,150.51
2017-11-21,151.95
2017-11-22,151.77
2017-11-24,151.84
2017-11-27,151.98
2017-11-28,152.47
2017-11-29,153.55
2017-11-30,153.97
2017-12-01,154.76
2017-12-04,156.46
2017-12-05,155.35
2017-12-06,154.1
2017-12-07,153.57
2017-12-08,154.81
2017-12-11,155.41
2017-12-12,156.74
2017-12-13,153.91
2017-12-14,154.0
2017-12-15,152.5
2017-12-18,153.33
2017-12-19,153.23
2017-12-20,152.95
2017-12-21,151.5
2017-12-22,152.5
2017-12-26,152.83
2017-12-27,153.13
2017-12-28,154.04
2017-12-29,153.42
2018-01-02,154.25
2018-01-03,158.49
2018-01-04,161.7
2018-01-05,162.49
2018-01-08,163.47
2018-01-09,163.83
2018-01-10,164.18
2018-01-11,164.2
2018-01-12,163.14
2018-01-16,163.85
2018-01-17,168.65
2018-01-18,169.12
2018-01-19,162.37
2018-01-22,162.6
2018-01-23,166.25
2018-01-24,165.37
2018-01-25,165.47
2018-01-26,167.34
2018-01-29,166.8
2018-01-30,163.62
2018-01-31,163.7
2018-02-01,162.4
2018-02-02,159.03
2018-02-05,152.53
2018-02-06,155.34
2018-02-07,153.85
2018-02-08,147.59
2018-02-09,149.51
2018-02-12,151.4
2018-02-13,150.75
2018-02-14,154.76
2018-02-15,156.01
2018-02-16,156.18
2018-02-20,155.16
2018-02-21,153.96
2018-02-22,153.18
2018-02-23,155.52
2018-02-26,158.58
2018-02-27,156.55
2018-02-28,155.83
2018-03-01,153.81
2018-03-02,154.49
2018-03-05,156.95
2018-03-06,155.72
2018-03-07,158.32
2018-03-08,156.21
2018-03-09,159.31
2018-03-12,160.26
2018-03-13,159.32
2018-03-14,158.12
2018-03-15,159.61
2018-03-16,160.26
2018-03-19,157.35
2018-03-20,156.2
2018-03-21,156.69
2018-03-22,152.09
2018-03-23,148.89
2018-03-26,153.37
2018-03-27,151.91
2018-03-28,152.52
2018-03-29,153.43
2018-04-02,150.07
2018-04-03,149.85
2018-04-04,154.12
2018-04-05,154.03
2018-04-06,150.57
2018-04-09,152.69
2018-04-10,155.39
2018-04-11,155.36
2018-04-12,158.07
2018-04-13,156.71
2018-04-16,157.89
2018-04-17,160.91
2018-04-18,148.79
2018-04-19,147.7
2018-04-20,144.9
2018-04-23,145.86
2018-04-24,145.56
2018-04-25,145.94
2018-04-26,146.72
2018-04-27,146.48
2018-04-30,144.96
2018-05-01,145.0
2018-05-02,142.45
2018-05-03,141.99
2018-05-04,143.91
2018-05-07,143.22
2018-05-08,143.0
2018-05-09,142.61
2018-05-10,144.24
2018-05-11,144.14
2018-05-14,144.3
2018-05-15,143.74
2018-05-16,144.63
2018-05-17,144.5
2018-05-18,144.08
2018-05-21,145.49
2018-05-22,145.09
2018-05-23,144.67
2018-05-24,144.07
2018-05-25,143.64
2018-05-29,141.22
2018-05-30,142.62
2018-05-31,141.31
2018-06-01,141.95
2018-06-04,143.04
2018-06-05,143.7
2018-06-06,144.71
2018-06-07,145.36
2018-06-08,146.14
2018-06-11,146.58
2018-06-12,146.87
2018-06-13,146.35
2018-06-14,145.2
2018-06-15,145.39
2018-06-18,144.48
2018-06-19,143.9
2018-06-20,142.63
2018-06-21,141.25
2018-06-22,141.28
2018-06-25,138.79
2018-06-26,139.08
2018-06-27,137.48
2018-06-28,140.04
2018-06-29,139.7
2018-07-02,139.86
2018-07-03,139.57
2018-07-05,141.43
2018-07-06,142.48
2018-07-09,144.39
2018-07-10,144.71
2018-07-11,144.94
2018-07-12,146.45
2018-07-13,145.9
2018-07-16,145.46
2018-07-17,143.49
2018-07-18,144.52
2018-07-19,149.24
2018-07-20,146.35
2018-07-23,145.7
2018-07-24,146.38
2018-07-25,146.62
2018-07-26,146.71
2018-07-27,145.15
2018-07-30,145.49
2018-07-31,144.93
2018-08-01,143.5
2018-08-02,142.96
2018-08-03,147.7
2018-08-06,146.03
2018-08-07,147.01
2018-08-08,146.89
2018-08-09,144.77
2018-08-10,144.48
2018-08-13,142.71
2018-08-14,143.36
2018-08-15,143.91
2018-08-16,145.34
2018-08-17,146.06
2018-08-20,146.51
2018-08-21,145.97
2018-08-22,145.24
2018-08-23,145.37
2018-08-24,146.04
2018-08-27,146.69
2018-08-28,146.59
2018-08-29,147.54
2018-08-30,145.93
2018-08-31,146.48
2018-09-04,145.68
2018-09-05,146.66
2018-09-06,146.39
2018-09-07,145.45
2018-09-10,145.65
2018-09-11,146.49
2018-09-12,146.57
2018-09-13,148.95
2018-09-14,148.33
2018-09-17,147.94
2018-09-18,148.56
2018-09-19,149.06
2018-09-20,151.15
2018-09-21,151.35
2018-09-24,150.03
2018-09-25,148.91
2018-09-26,151.61
2018-09-27,151.5
2018-09-28,151.21
2018-10-01,153.0
2018-10-02,153.75
2018-10-03,153.22
2018-10-04,151.31
2018-10-05,149.03
2018-10-08,148.39
2018-10-09,147.24
2018-10-10,142.69
2018-10-11,139.02
2018-10-12,140.85
2018-10-15,141.13
2018-10-16,145.12
2018-10-17,134.05
2018-10-18,130.55
2018-10-19,129.1
2018-10-22,130.02
2018-10-23,131.21
2018-10-24,127.21
2018-10-25,126.45
2018-10-26,124.79
2018-10-29,119.64
2018-10-30,115.4
2018-10-31,115.43
2018-11-01,116.83
2018-11-02,115.67
2018-11-05,120.06
2018-11-06,123.12
2018-11-07,124.84
2018-11-08,123.38
2018-11-09,123.54
2018-11-12,120.9
2018-11-13,120.84
2018-11-14,120.2
2018-11-15,121.44
2018-11-16,121.57
2018-11-19,120.31
2018-11-20,117.2
2018-11-21,118.57
2018-11-23,117.19
2018-11-26,119.56
2018-11-27,120.03
2018-11-28,123.0
2018-11-29,121.48
2018-11-30,124.27
2018-12-03,125.31
2018-12-04,121.6
2018-12-06,123.91
2018-12-07,119.34
2018-12-10,121.13
2018-12-11,120.89
2018-12-12,121.16
2018-12-13,120.73
2018-12-14,119.9
2018-12-17,116.1
2018-12-18,116.65
2018-12-19,116.43
2018-12-20,113.02
2018-12-21,110.94
2018-12-24,107.57
2018-12-26,111.39
2018-12-27,113.78
2018-12-28,113.03
2018-12-31,113.67
2019-01-02,115.21
2019-01-03,112.91
2019-01-04,117.32
2019-01-07,118.15
2019-01-08,119.83
2019-01-09,120.69
2019-01-10,121.79
2019-01-11,121.46
2019-01-14,120.39
2019-01-15,121.73
2019-01-16,121.62
2019-01-17,122.19
2019-01-18,123.82
2019-01-22,122.52
2019-01-23,132.89
2019-01-24,132.53
2019-01-25,133.97
2019-01-28,134.27
2019-01-29,134.33
2019-01-30,134.38
2019-01-31,134.42
2019-02-01,134.1
2019-02-04,135.19
2019-02-05,135.55
2019-02-06,136.32
2019-02-07,133.19
2019-02-08,133.71
2019-02-11,133.99
2019-02-12,136.05
2019-02-13,137.52
2019-02-14,136.48
2019-02-15,138.03
2019-02-19,138.7
2019-02-20,138.0
2019-02-21,137.84
2019-02-22,139.25
2019-02-25,139.46
2019-02-26,139.72
2019-02-27,139.17
2019-02-28,138.13
2019-03-01,139.2
2019-03-04,138.43
2019-03-05,137.88
2019-03-06,136.98
2019-03-07,135.36
2019-03-08,135.09
2019-03-11,137.71
2019-03-12,138.28
2019-03-13,138.56
2019-03-14,138.79
2019-03-15,139.43
2019-03-18,140.21
2019-03-19,140.49
2019-03-20,139.6
2019-03-21,141.44
2019-03-22,139.45
2019-03-25,139.18
2019-03-26,140.22
2019-03-27,139.24
2019-03-28,139.92
2019-03-29,141.1
2019-04-01,143.3
2019-04-02,143.0
2019-04-03,143.63
2019-04-04,142.78
2019-04-05,143.28
2019-04-08,143.39
2019-04-09,142.11
2019-04-10,143.02
2019-04-11,143.78
2019-04-12,144.35
2019-04-15,143.9
2019-04-16,145.14
2019-04-17,139.11
2019-04-18,140.33
2019-04-22,138.89
2019-04-23,140.44
2019-04-24,139.95
2019-04-25,138.63
2019-04-26,139.44
2019-04-29,139.05
2019-04-30,140.27
2019-05-01,140.56
2019-05-02,139.59
2019-05-03,140.25
2019-05-06,140.38
2019-05-07,137.64
2019-05-08,138.0
2019-05-09,135.34
2019-05-10,135.32
2019-05-13,131.42
2019-05-14,133.31
2019-05-15,134.4
2019-05-16,135.88
2019-05-17,134.32
2019-05-20,135.12
2019-05-21,136.45
2019-05-22,136.35
2019-05-23,132.39
2019-05-24,132.28
2019-05-28,130.46
2019-05-29,129.69
2019-05-30,129.57
2019-05-31,126.99
2019-06-03,128.27
2019-06-04,132.69
2019-06-05,131.49
2019-06-06,132.22
2019-06-07,133.31
2019-06-10,134.74
2019-06-11,135.95
2019-06-12,134.87
2019-06-13,135.76
2019-06-14,135.15
2019-06-17,134.95
2019-06-18,136.38
2019-06-19,137.08
2019-06-20,138.85
2019-06-21,139.2
2019-06-24,139.35
2019-06-25,138.36
2019-06-26,138.52
2019-06-27,138.52
2019-06-28,137.9
2019-07-01,139.88
2019-07-02,140.22
2019-07-03,141.54
2019-07-05,141.38
2019-07-08,140.57
2019-07-09,139.33
2019-07-10,140.47
2019-07-11,141.24
2019-07-12,142.74
2019-07-15,143.32
2019-07-16,143.53
2019-07-17,143.07
2019-07-18,149.63
2019-07-19,149.68
2019-07-22,149.74
2019-07-23,150.38
2019-07-24,150.03
2019-07-25,150.39
2019-07-26,151.36
2019-07-29,150.88
2019-07-30,149.77
2019-07-31,148.24
2019-08-01,150.32
2019-08-02,147.25
2019-08-05,140.76
2019-08-06,140.73
2019-08-07,139.11
2019-08-08,140.1
2019-08-09,136.13
2019-08-12,133.67
2019-08-13,135.79
2019-08-14,131.25
2019-08-15,131.92
2019-08-16,133.76
2019-08-19,135.04
2019-08-20,133.0
2019-08-21,134.25
2019-08-22,134.32
2019-08-23,129.57
2019-08-26,129.99
2019-08-27,131.17
2019-08-28,132.76
2019-08-29,134.88
2019-08-30,135.53
2019-09-03,134.1
2019-09-04,136.32
2019-09-05,140.97
2019-09-06,140.57
2019-09-09,142.6
2019-09-10,145.05
2019-09-11,143.6
2019-09-12,143.62
2019-09-13,143.67
2019-09-16,142.48
2019-09-17,142.2
2019-09-18,142.22
2019-09-19,142.97
2019-09-20,141.88
2019-09-23,142.07
2019-09-24,141.68
2019-09-25,143.16
2019-09-26,143.55
2019-09-27,143.24
2019-09-30,145.42
2019-10-01,143.66
2019-10-02,141.69
2019-10-03,142.02
2019-10-04,142.99
2019-10-07,141.28
2019-10-08,138.38
2019-10-09,139.67
2019-10-10,141.13
2019-10-11,142.76
2019-10-14,142.04
2019-10-15,143.0
2019-10-16,142.11
2019-10-17,134.26
2019-10-18,134.09
2019-10-21,132.58
2019-10-22,133.96
2019-10-23,134.38
2019-10-24,134.07
2019-10-25,135.44
2019-10-28,135.97
2019-10-29,133.82
2019-10-30,135.25
2019-10-31,133.73
2019-11-01,135.53
2019-11-04,137.67
2019-11-05,137.89
2019-11-06,138.78
2019-11-07,137.69
2019-11-08,137.61
2019-11-11,135.47
2019-11-12,135.59
2019-11-13,134.48
2019-11-14,134.0
2019-11-15,134.4
2019-11-18,134.31
2019-11-19,134.52
2019-11-20,133.2
2019-11-21,133.84
2019-11-22,134.34
2019-11-25,135.97
2019-11-26,135.09
2019-11-27,133.77
2019-11-29,134.45
2019-12-02,132.91
2019-12-03,132.12
2019-12-04,131.99
2019-12-05,131.91
2019-12-06,133.22
2019-12-09,133.92
2019-12-10,133.91
2019-12-11,133.76
2019-12-12,135.32
2019-12-13,134.21
2019-12-16,134.13
2019-12-17,134.22
2019-12-18,134.41
2019-12-19,134.56
2019-12-20,135.59
2019-12-23,135.55
2019-12-24,134.98
2019-12-26,134.91
2019-12-27,135.27
2019-12-30,132.81
2019-12-31,134.04
2020-01-02,135.42
2020-01-03,134.34
2020-01-06,134.1
2020-01-07,134.19
2020-01-08,135.31
2020-01-09,136.74
2020-01-10,136.69
2020-01-13,136.6
2020-01-14,135.82
2020-01-15,136.62
2020-01-16,137.98
2020-01-17,138.31
2020-01-21,139.17
2020-01-22,143.89
2020-01-23,142.87
2020-01-24,140.56
2020-01-27,138.62
2020-01-28,139.55
2020-01-29,137.69
2020-01-30,136.77
2020-01-31,143.73
2020-02-03,146.27
2020-02-04,149.11
2020-02-05,156.33
2020-02-06,156.76
2020-02-07,153.41
2020-02-10,154.43
2020-02-11,153.48
2020-02-12,155.31
2020-02-13,154.31
2020-02-14,150.7
2020-02-18,151.1
2020-02-19,150.86
2020-02-20,151.22
2020-02-21,149.84
2020-02-24,146.43
2020-02-25,141.71
2020-02-26,139.75
2020-02-27,133.11
2020-02-28,130.15
2020-03-02,134.3
2020-03-03,128.9
2020-03-04,134.22
2020-03-05,129.55
2020-03-06,127.73
2020-03-09,117.81
2020-03-10,124.77
2020-03-11,117.97
2020-03-12,102.81
2020-03-13,107.95
2020-03-16,99.08
2020-03-17,106.65
2020-03-18,103.55
2020-03-19,100.34
2020-03-20,95.39
2020-03-23,94.77
2020-03-24,105.48
2020-03-25,105.85
2020-03-26,112.89
2020-03-27,108.03
2020-03-30,112.93
2020-03-31,110.93
2020-04-01,105.14
2020-04-02,110.0
2020-04-03,106.34
2020-04-06,114.82
2020-04-07,114.94
2020-04-08,119.29
2020-04-09,121.5
2020-04-13,121.15
2020-04-14,123.91
2020-04-15,118.69
2020-04-16,115.73
2020-04-17,120.12
2020-04-20,120.41
2020-04-21,116.76
2020-04-22,119.31
2020-04-23,121.35
2020-04-24,124.72
2020-04-27,125.92
2020-04-28,126.27
2020-04-29,128.69
2020-04-30,125.56
2020-05-01,121.87
2020-05-04,121.68
2020-05-05,122.58
2020-05-06,123.17
2020-05-07,121.23
2020-05-08,122.99
2020-05-11,122.59
2020-05-12,120.26
2020-05-13,115.73
2020-05-14,116.95
2020-05-15,116.98
2020-05-18,121.56
2020-05-19,120.29
2020-05-20,121.38
2020-05-21,119.12
2020-05-22,118.39
2020-05-26,121.76
2020-05-27,125.54
2020-05-28,124.53
2020-05-29,124.9
2020-06-01,124.89
2020-06-02,126.0
2020-06-03,129.05
2020-06-04,128.89
2020-06-05,132.06
2020-06-08,135.75
2020-06-09,131.87
2020-06-10,129.87
2020-06-11,118.01
2020-06-12,121.91
2020-06-15,121.65
2020-06-16,125.15
2020-06-17,124.15
2020-06-18,124.16
2020-06-19,122.47
2020-06-22,121.07
2020-06-23,119.41
2020-06-24,116.42
2020-06-25,119.03
2020-06-26,117.19
2020-06-29,119.75
2020-06-30,120.77
2020-07-01,118.54
2020-07-02,119.7
2020-07-06,120.19
2020-07-07,117.58
2020-07-08,117.71
2020-07-09,115.71
2020-07-10,118.35
2020-07-13,119.2
2020-07-14,120.6
2020-07-15,123.0
2020-07-16,124.01
2020-07-17,125.11
2020-07-20,126.37
2020-07-21,126.06
2020-07-22,128.67
2020-07-23,127.33
2020-07-24,125.79
2020-07-27,126.21
2020-07-28,124.47
2020-07-29,125.32
2020-07-30,122.9
2020-07-31,122.94
2020-08-03,124.31
2020-08-04,125.84
2020-08-05,125.45
2020-08-06,126.12
2020-08-07,124.96
2020-08-10,127.11
2020-08-11,126.75
2020-08-12,126.7
2020-08-13,125.03
2020-08-14,125.27
2020-08-17,124.44
2020-08-18,124.92
2020-08-19,123.84
2020-08-20,123.15
2020-08-21,123.16
2020-08-24,125.68
2020-08-25,124.64
2020-08-26,124.17
2020-08-27,124.65
2020-08-28,125.07
2020-08-31,123.31
2020-09-01,123.4
2020-09-02,128.18
2020-09-03,124.45
2020-09-04,122.3
2020-09-08,121.21
2020-09-09,122.26
2020-09-10,120.56
2020-09-11,121.46
2020-09-14,122.09
2020-09-15,122.44
2020-09-16,124.22
2020-09-17,124.92
2020-09-18,122.76
2020-09-21,120.25
2020-09-22,120.51
2020-09-23,118.83
2020-09-24,118.09
2020-09-25,118.95
2020-09-28,121.73
2020-09-29,120.94
2020-09-30,121.67
2020-10-01,121.09
2020-10-02,120.57
2020-10-05,122.01
2020-10-06,121.97
2020-10-07,124.07
2020-10-08,131.49
2020-10-09,127.79
2020-10-12,127.21
2020-10-13,125.1
2020-10-14,125.94
2020-10-15,124.89
2020-10-16,125.93
2020-10-19,125.52
2020-10-20,117.37
2020-10-21,115.06
2020-10-22,115.76
2020-10-23,116.0
2020-10-26,112.22
2020-10-27,110.56
2020-10-28,106.65
2020-10-29,108.91
2020-10-30,111.66
2020-11-02,112.91
2020-11-03,114.16
2020-11-04,111.9
2020-11-05,114.77
2020-11-06,114.04
2020-11-09,115.53
2020-11-10,117.91
2020-11-11,117.2
2020-11-12,114.5
2020-11-13,116.85
2020-11-16,118.36
2020-11-17,117.7
2020-11-18,116.77
2020-11-19,117.18
2020-11-20,116.94
2020-11-23,120.09
2020-11-24,124.42
2020-11-25,124.2
2020-11-27,124.35
2020-11-30,123.52
2020-12-01,123.16
2020-12-02,124.62
2020-12-03,123.61
2020-12-04,127.2
2020-12-07,124.7
2020-12-08,125.71
2020-12-09,126.79
2020-12-10,124.96
2020-12-11,124.27
2020-12-14,123.53
2020-12-15,125.93
2020-12-16,125.55
2020-12-17,125.55
2020-12-18,125.85
2020-12-21,123.39
2020-12-22,123.61
2020-12-23,123.9
2020-12-24,124.69
2020-12-28,124.82
2020-12-29,123.8
2020-12-30,124.34
2020-12-31,125.88
2021-01-04,123.94
2021-01-05,126.14
2021-01-06,129.29
2021-01-07,128.99
2021-01-08,128.53
2021-01-11,128.58
2021-01-12,129.21
2021-01-13,126.92
2021-01-14,128.97
2021-01-15,128.39
2021-01-19,129.02
2021-01-20,130.08
2021-01-21,131.65
2021-01-22,118.61
2021-01-25,118.58
2021-01-26,122.49
2021-01-27,122.47
2021-01-28,120.08
2021-01-29,119.11
2021-02-01,120.54
2021-02-02,119.44
2021-02-03,119.12
2021-02-04,121.02
2021-02-05,121.79
2021-02-08,123.61
2021-02-09,122.1
2021-02-10,122.24
2021-02-11,120.91
2021-02-12,120.8
2021-02-16,120.07
2021-02-17,119.97
2021-02-18,120.73
2021-02-19,118.99
2021-02-22,120.86
2021-02-23,120.71
2021-02-24,123.21
2021-02-25,122.47
2021-02-26,118.93
2021-03-01,120.74
2021-03-02,120.33
2021-03-03,122.36
2021-03-04,120.11
2021-03-05,122.83
2021-03-08,124.81
2021-03-09,124.18
2021-03-10,127.87
2021-03-11,127.14
2021-03-12,127.61
2021-03-15,128.58
2021-03-16,128.24
2021-03-17,129.03
2021-03-18,130.06
2021-03-19,128.9
2021-03-22,130.55
2021-03-23,130.46
2021-03-24,130.62
2021-03-25,133.07
2021-03-26,136.38
2021-03-29,135.86
2021-03-30,134.72
2021-03-31,133.26
2021-04-01,133.23
2021-04-05,135.93
2021-04-06,134.22
2021-04-07,134.93
2021-04-08,135.12
2021-04-09,135.73
2021-04-12,134.59
2021-04-13,131.18
2021-04-14,132.63
2021-04-15,132.58
2021-04-16,133.59
2021-04-19,133.12
2021-04-20,138.16
2021-04-21,143.55
2021-04-22,141.28
2021-04-23,142.43
2021-04-26,141.57
2021-04-27,142.01
2021-04-28,143.0
2021-04-29,144.24
2021-04-30,141.88
2021-05-03,144.75
2021-05-04,145.75
2021-05-05,145.22
2021-05-06,148.42
2021-05-07,145.46
2021-05-10,146.17
2021-05-11,144.22
2021-05-12,141.3
2021-05-13,144.17
2021-05-14,144.68
2021-05-17,145.11
2021-05-18,143.91
2021-05-19,143.19
2021-05-20,143.88
2021-05-21,144.74
2021-05-24,144.72
2021-05-25,143.79
2021-05-26,143.38
2021-05-27,143.82
2021-05-28,143.74
2021-06-01,144.19
2021-06-02,145.72
2021-06-03,145.55
2021-06-04,147.42
2021-06-07,148.02
2021-06-08,149.07
2021-06-09,150.67
2021-06-10,150.54
2021-06-11,151.28
2021-06-14,150.03
2021-06-15,149.36
2021-06-16,147.83
2021-06-17,145.6
2021-06-18,143.12
2021-06-21,146.65
2021-06-22,146.36
2021-06-23,144.61
2021-06-24,145.44
2021-06-25,146.84
2021-06-28,145.29
2021-06-29,145.55
2021-06-30,146.59
2021-07-01,146.84
2021-07-02,140.02
2021-07-06,138.78
2021-07-07,139.82
2021-07-08,140.74
2021-07-09,141.52
2021-07-12,140.92
2021-07-13,140.28
2021-07-14,139.82
2021-07-15,140.45
2021-07-16,138.9
2021-07-19,137.92
2021-07-20,139.97
2021-07-21,141.3
2021-07-22,140.71
2021-07-23,141.34
2021-07-26,142.77
2021-07-27,142.75
2021-07-28,141.77
2021-07-29,141.93
2021-07-30,140.96
2021-08-02,141.42
2021-08-03,144.07
2021-08-04,142.76
2021-08-05,142.77
2021-08-06,144.09
2021-08-09,141.25
2021-08-10,141.38
2021-08-11,142.13
2021-08-12,143.07
2021-08-13,143.18
2021-08-16,143.59
2021-08-17,142.42
2021-08-18,139.47
2021-08-19,138.02
2021-08-20,139.11
2021-08-23,139.62
2021-08-24,139.84
2021-08-25,139.86
2021-08-26,138.78
2021-08-27,139.41
2021-08-30,138.97
2021-08-31,140.34
2021-09-01,139.3
2021-09-02,140.01
2021-09-03,139.58
2021-09-07,138.06
2021-09-08,138.67
2021-09-09,137.74
2021-09-10,137.02
2021-09-13,138.15
2021-09-14,136.22
2021-09-15,137.2
2021-09-16,136.43
2021-09-17,135.23
2021-09-20,134.31
2021-09-21,132.97
2021-09-22,134.63
2021-09-23,136.73
2021-09-24,137.49
2021-09-27,138.56
2021-09-28,137.47
2021-09-29,139.18
2021-09-30,138.93
2021-10-01,143.32
2021-10-04,144.11
2021-10-05,143.15
2021-10-06,142.36
2021-10-07,141.81
2021-10-08,143.22
